community_id,size,sentiment_variance,sentiment_mean,frac_positive,frac_negative,polarity_balance,bimodality,semantic_cohesion,internal_density,conductance
65,3,0.0,0.0,0.0,0.0,0.0,,0.0,0.6666666666666666,0.0
162,4,0.0,0.0,0.0,0.0,0.0,,0.32787397503852844,0.6666666666666666,0.0
187,3,0.0,0.0,0.0,0.0,0.0,,0.0,0.6666666666666666,0.0
278,3,0.0,0.0,0.0,0.0,0.0,,0.0,0.6666666666666666,0.0
355,5,0.0,0.0,0.0,0.0,0.0,,0.43164271116256714,0.6,0.0
389,32,0.0,0.0,0.0,0.0,0.0,,0.0,0.06451612903225806,0.0
403,3,0.0,0.0,0.0,0.0,0.0,,0.0,0.6666666666666666,0.0
503,3,0.0,0.0,0.0,0.0,0.0,,0.0,0.6666666666666666,0.0
556,3,0.0,0.0,0.0,0.0,0.0,,0.0,0.6666666666666666,0.0
560,3,0.0,0.0,0.0,0.0,0.0,,0.0,0.6666666666666666,0.0
561,3,0.0,0.0,0.0,0.0,0.0,,0.0,0.6666666666666666,0.0
628,5,0.0,0.0,0.0,0.0,0.0,,0.0,0.4,0.0
666,3,0.0,0.0,0.0,0.0,0.0,,0.0,0.6666666666666666,0.0
758,3,0.0,0.0,0.0,0.0,0.0,,0.0,0.6666666666666666,0.0
778,3,0.0,0.0,0.0,0.0,0.0,,0.0,0.6666666666666666,0.0
843,4,0.0,0.0,0.0,0.0,0.0,,0.0,0.5,0.0
864,3,0.0,0.0,0.0,0.0,0.0,,0.0,0.6666666666666666,0.0
900,4,0.0,0.0,0.0,0.0,0.0,,0.0,0.5,0.0
940,6,0.0,0.0,0.0,0.0,0.0,,0.9976534247398376,0.5333333333333333,0.0
942,3,0.0,0.0,0.0,0.0,0.0,,0.0,0.6666666666666666,0.0
984,3,0.0,0.0,0.0,0.0,0.0,,0.0,0.6666666666666666,0.0
1005,3,0.0,0.0,0.0,0.0,0.0,,0.0,0.6666666666666666,0.0
1036,3,0.0,0.0,0.0,0.0,0.0,,0.0,0.6666666666666666,0.0
1124,3,0.0,0.0,0.0,0.0,0.0,,0.0,0.6666666666666666,0.0
1202,3,0.0,0.0,0.0,0.0,0.0,,0.0,0.6666666666666666,0.0
1301,3,0.0,0.0,0.0,0.0,0.0,,0.0,0.6666666666666666,0.0
1306,4,0.0,0.0,0.0,0.0,0.0,,0.0,0.5,0.0
1320,3,0.0,0.0,0.0,0.0,0.0,,0.0,0.6666666666666666,0.0
1337,3,0.0,0.0,0.0,0.0,0.0,,0.0,0.6666666666666666,0.0
1423,3,0.0,0.0,0.0,0.0,0.0,,0.0,0.6666666666666666,0.0
1461,4,0.0,0.0,0.0,0.0,0.0,,0.0,0.5,0.0
1480,3,0.0,0.0,0.0,0.0,0.0,,0.0,0.6666666666666666,0.0
1523,3,0.0,0.0,0.0,0.0,0.0,,0.0,0.6666666666666666,0.0
1592,5,0.0,0.0,0.0,0.0,0.0,,0.0,0.4,0.0
1643,4,0.0,0.0,0.0,0.0,0.0,,0.0,0.5,0.0
1654,6,0.0,0.0,0.0,0.0,0.0,,0.5471569299697876,0.4666666666666667,0.0
1743,3,0.0,0.0,0.0,0.0,0.0,,0.0,0.6666666666666666,0.0
1794,3,0.0,0.0,0.0,0.0,0.0,,0.0,1.0,0.0
1841,4,0.0,0.0,0.0,0.0,0.0,,0.0,0.5,0.0
1847,3,0.0,0.0,0.0,0.0,0.0,,0.0,0.6666666666666666,0.0
1857,3,0.0,0.0,0.0,0.0,0.0,,0.45791786909103394,0.6666666666666666,0.0
1904,3,0.0,0.0,0.0,0.0,0.0,,0.0,0.6666666666666666,0.0
1906,3,0.0,0.0,0.0,0.0,0.0,,0.0,0.6666666666666666,0.0
1915,3,0.0,0.0,0.0,0.0,0.0,,0.0,0.6666666666666666,0.0
1943,3,0.0,0.0,0.0,0.0,0.0,,0.0,0.6666666666666666,0.0
2004,3,0.0,0.0,0.0,0.0,0.0,,0.0,0.6666666666666666,0.0
2008,3,0.0,0.0,0.0,0.0,0.0,,0.0,0.6666666666666666,0.0
2062,9,0.0,0.0,0.0,0.0,0.0,,0.0,0.2222222222222222,0.0
2099,3,0.0,0.0,0.0,0.0,0.0,,0.0,0.6666666666666666,0.0
2126,4,0.0,0.0,0.0,0.0,0.0,,0.0,0.5,0.0
2148,4,0.0,0.0,0.0,0.0,0.0,,0.0,0.5,0.0
2227,3,0.0,0.0,0.0,0.0,0.0,,0.0,0.6666666666666666,0.0
2234,3,0.0,0.0,0.0,0.0,0.0,,0.0,0.6666666666666666,0.0
2289,3,0.0,0.0,0.0,0.0,0.0,,0.0,0.6666666666666666,0.0
2346,3,0.0,0.0,0.0,0.0,0.0,,0.0,0.6666666666666666,0.0
2348,3,0.0,0.0,0.0,0.0,0.0,,0.0,0.6666666666666666,0.0
2429,3,0.0,0.0,0.0,0.0,0.0,,0.0,0.6666666666666666,0.0
2483,5,0.0,0.0,0.0,0.0,0.0,,0.6717978119850159,0.6,0.0
2519,3,0.0,0.0,0.0,0.0,0.0,,0.0,0.6666666666666666,0.0
2543,4,0.0,0.0,0.0,0.0,0.0,,0.0,0.5,0.0
2632,3,0.0,0.0,0.0,0.0,0.0,,0.0,0.6666666666666666,0.0
2649,5,0.0,0.0,0.0,0.0,0.0,,0.6315608620643616,0.6,0.0
2672,4,0.0,0.0,0.0,0.0,0.0,,0.0,0.5,0.0
2684,3,0.0,0.0,0.0,0.0,0.0,,0.0,0.6666666666666666,0.0
2724,3,0.0,0.0,0.0,0.0,0.0,,0.0,0.6666666666666666,0.0
2825,4,0.0,0.0,0.0,0.0,0.0,,0.0,0.5,0.0
2866,3,0.0,0.0,0.0,0.0,0.0,,0.0,0.6666666666666666,0.0
2871,4,0.0,0.0,0.0,0.0,0.0,,0.0,0.5,0.0
2937,3,0.0,0.0,0.0,0.0,0.0,,0.0,0.6666666666666666,0.0
2986,3,0.0,0.0,0.0,0.0,0.0,,0.0,0.6666666666666666,0.0
2987,3,0.0,0.0,0.0,0.0,0.0,,0.0,0.6666666666666666,0.0
2994,3,0.0,0.0,0.0,0.0,0.0,,0.0,0.6666666666666666,0.0
3052,3,0.0,0.0,0.0,0.0,0.0,,0.0,0.6666666666666666,0.0
3064,3,0.0,0.0,0.0,0.0,0.0,,0.0,0.6666666666666666,0.0
3088,3,0.0,0.0,0.0,0.0,0.0,,0.0,0.6666666666666666,0.0
3119,3,0.0,0.0,0.0,0.0,0.0,,0.0,0.6666666666666666,0.0
3125,3,0.0,0.0,0.0,0.0,0.0,,0.0,0.6666666666666666,0.0
3190,5,0.0,0.0,0.0,0.0,0.0,,0.0,0.4,0.0
3236,3,0.0,0.0,0.0,0.0,0.0,,0.0,0.6666666666666666,0.0
3264,3,0.0,0.0,0.0,0.0,0.0,,0.0,0.6666666666666666,0.0
3294,3,0.0,0.0,0.0,0.0,0.0,,0.0,0.6666666666666666,0.0
3310,3,0.0,0.0,0.0,0.0,0.0,,0.0,0.6666666666666666,0.0
3311,3,0.0,0.0,0.0,0.0,0.0,,0.0,0.6666666666666666,0.0
3382,4,0.0,0.0,0.0,0.0,0.0,,0.0,0.5,0.0
3401,3,0.0,0.0,0.0,0.0,0.0,,0.0,0.6666666666666666,0.0
3409,4,0.0,0.0,0.0,0.0,0.0,,0.0,0.5,0.0
3410,3,0.0,0.0,0.0,0.0,0.0,,0.0,0.6666666666666666,0.0
3474,3,0.0,0.0,0.0,0.0,0.0,,0.0,0.6666666666666666,0.0
3632,4,0.0,0.0,0.0,0.0,0.0,,0.0,0.5,0.0
3633,3,0.0,0.0,0.0,0.0,0.0,,0.0,0.6666666666666666,0.0
3662,3,0.0,0.0,0.0,0.0,0.0,,0.0,0.6666666666666666,0.0
3674,3,0.0,0.0,0.0,0.0,0.0,,0.0,0.6666666666666666,0.0
3710,3,0.0,0.0,0.0,0.0,0.0,,0.0,0.6666666666666666,0.0
3715,3,0.0,0.0,0.0,0.0,0.0,,0.0,0.6666666666666666,0.0
3762,4,0.0,0.0,0.0,0.0,0.0,,0.6464625000953674,0.6666666666666666,0.0
3771,3,0.0,0.0,0.0,0.0,0.0,,0.0,0.6666666666666666,0.0
3826,4,0.0,0.0,0.0,0.0,0.0,,0.0,0.5,0.0
3839,4,0.0,0.0,0.0,0.0,0.0,,0.5865961909294128,0.6666666666666666,0.0
3849,3,0.0,0.0,0.0,0.0,0.0,,0.0,0.6666666666666666,0.0
3974,6,0.0,0.0,0.0,0.0,0.0,,0.0,0.3333333333333333,0.0
4040,3,0.0,0.0,0.0,0.0,0.0,,0.0,0.6666666666666666,0.0
4066,3,0.0,0.0,0.0,0.0,0.0,,0.0,0.6666666666666666,0.0
4094,3,0.0,0.0,0.0,0.0,0.0,,0.0,0.6666666666666666,0.0
4096,3,0.0,0.0,0.0,0.0,0.0,,0.0,0.6666666666666666,0.0
4104,3,0.0,0.0,0.0,0.0,0.0,,0.0,0.6666666666666666,0.0
4127,3,0.0,0.0,0.0,0.0,0.0,,0.0,0.6666666666666666,0.0
4131,3,0.0,0.0,0.0,0.0,0.0,,0.0,0.6666666666666666,0.0
4166,4,0.0,0.0,0.0,0.0,0.0,,0.0,0.5,0.0
4183,3,0.0,0.0,0.0,0.0,0.0,,0.0,0.6666666666666666,0.0
4185,3,0.0,0.0,0.0,0.0,0.0,,0.0,0.6666666666666666,0.0
4217,6,0.0,0.0,0.0,0.0,0.0,,0.0,0.3333333333333333,0.0
4227,5,0.0,0.0,0.0,0.0,0.0,,0.0,0.4,0.0
4235,3,0.0,0.0,0.0,0.0,0.0,,0.0,0.6666666666666666,0.0
4237,3,0.0,0.0,0.0,0.0,0.0,,0.0,0.6666666666666666,0.0
4367,3,0.0,0.0,0.0,0.0,0.0,,0.0,0.6666666666666666,0.0
4422,3,0.0,0.0,0.0,0.0,0.0,,0.0,0.6666666666666666,0.0
4442,3,0.0,0.0,0.0,0.0,0.0,,0.0,0.6666666666666666,0.0
4452,3,0.0,0.0,0.0,0.0,0.0,,0.0,0.6666666666666666,0.0
4460,3,0.0,0.0,0.0,0.0,0.0,,0.0,0.6666666666666666,0.0
4501,3,0.0,0.0,0.0,0.0,0.0,,0.0,0.6666666666666666,0.0
4526,5,0.0,0.0,0.0,0.0,0.0,,0.0,0.4,0.0
4581,3,0.0,0.0,0.0,0.0,0.0,,0.0,0.6666666666666666,0.0
4628,5,0.0,0.0,0.0,0.0,0.0,,0.0,0.4,0.0
4631,3,0.0,0.0,0.0,0.0,0.0,,0.0,0.6666666666666666,0.0
4633,3,0.0,0.0,0.0,0.0,0.0,,0.0,0.6666666666666666,0.0
4638,3,0.0,0.0,0.0,0.0,0.0,,0.0,0.6666666666666666,0.0
4657,3,0.0,0.0,0.0,0.0,0.0,,0.0,0.6666666666666666,0.0
4667,3,0.0,0.0,0.0,0.0,0.0,,0.0,0.6666666666666666,0.0
4680,3,0.0,0.0,0.0,0.0,0.0,,0.0,0.6666666666666666,0.0
4699,4,0.0,0.0,0.0,0.0,0.0,,0.0,0.5,0.0
4712,3,0.0,0.0,0.0,0.0,0.0,,0.0,0.6666666666666666,0.0
4725,3,0.0,0.0,0.0,0.0,0.0,,0.0,0.6666666666666666,0.0
4744,3,0.0,0.0,0.0,0.0,0.0,,0.0,0.6666666666666666,0.0
4812,3,0.0,0.0,0.0,0.0,0.0,,0.0,0.6666666666666666,0.0
4822,4,0.0,0.0,0.0,0.0,0.0,,0.5447842478752136,0.6666666666666666,0.0
4854,5,0.0,0.0,0.0,0.0,0.0,,0.0,0.4,0.0
4921,3,0.0,0.0,0.0,0.0,0.0,,0.0,0.6666666666666666,0.0
4944,3,0.0,0.0,0.0,0.0,0.0,,0.0,0.6666666666666666,0.0
4950,3,0.0,0.0,0.0,0.0,0.0,,0.0,0.6666666666666666,0.0
5001,3,0.0,0.0,0.0,0.0,0.0,,0.0,0.6666666666666666,0.0
5014,3,0.0,0.0,0.0,0.0,0.0,,0.0,0.6666666666666666,0.0
5027,3,0.0,0.0,0.0,0.0,0.0,,0.0,0.6666666666666666,0.0
5078,3,0.0,0.0,0.0,0.0,0.0,,0.0,0.6666666666666666,0.0
5096,3,0.0,0.0,0.0,0.0,0.0,,0.0,0.6666666666666666,0.0
5130,3,0.0,0.0,0.0,0.0,0.0,,0.0,0.6666666666666666,0.0
5143,6,0.0,0.0,0.0,0.0,0.0,,0.0,0.3333333333333333,0.0
5168,3,0.0,0.0,0.0,0.0,0.0,,0.0,0.6666666666666666,0.0
5188,3,0.0,0.0,0.0,0.0,0.0,,0.0,0.6666666666666666,0.0
5198,6,0.0,0.0,0.0,0.0,0.0,,0.0,0.3333333333333333,0.0
5226,3,0.0,0.0,0.0,0.0,0.0,,0.0,0.6666666666666666,0.0
5241,3,0.0,0.0,0.0,0.0,0.0,,0.0,0.6666666666666666,0.0
5250,3,0.0,0.0,0.0,0.0,0.0,,0.0,0.6666666666666666,0.0
5254,3,0.0,0.0,0.0,0.0,0.0,,0.0,0.6666666666666666,0.0
5256,4,0.0,0.0,0.0,0.0,0.0,,0.0,0.5,0.0
5261,4,0.0,0.0,0.0,0.0,0.0,,0.0,0.5,0.0
5273,3,0.0,0.0,0.0,0.0,0.0,,0.0,0.6666666666666666,0.0
5278,3,0.0,0.0,0.0,0.0,0.0,,0.0,0.6666666666666666,0.0
5295,3,0.0,0.0,0.0,0.0,0.0,,0.0,0.6666666666666666,0.0
5426,3,0.0,0.0,0.0,0.0,0.0,,0.0,0.6666666666666666,0.0
5451,3,0.0,0.0,0.0,0.0,0.0,,0.0,0.6666666666666666,0.0
5454,3,0.0,0.0,0.0,0.0,0.0,,0.0,0.6666666666666666,0.0
5490,3,0.0,0.0,0.0,0.0,0.0,,0.0,0.6666666666666666,0.0
5506,3,0.0,0.0,0.0,0.0,0.0,,0.0,0.6666666666666666,0.0
5537,3,0.0,0.0,0.0,0.0,0.0,,0.3311525285243988,0.6666666666666666,0.0
5569,3,0.0,0.0,0.0,0.0,0.0,,0.0,0.6666666666666666,0.0
5573,3,0.0,0.0,0.0,0.0,0.0,,0.0,0.6666666666666666,0.0
5576,3,0.0,0.0,0.0,0.0,0.0,,0.3980335295200348,0.6666666666666666,0.0
5615,3,0.0,0.0,0.0,0.0,0.0,,0.0,0.6666666666666666,0.0
5672,3,0.0,0.0,0.0,0.0,0.0,,0.0,0.6666666666666666,0.0
5681,3,0.0,0.0,0.0,0.0,0.0,,0.0,0.6666666666666666,0.0
5722,3,0.0,0.0,0.0,0.0,0.0,,0.0,0.6666666666666666,0.0
5834,3,0.0,0.0,0.0,0.0,0.0,,0.0,0.6666666666666666,0.0
5861,3,0.0,0.0,0.0,0.0,0.0,,0.0,0.6666666666666666,0.0
5868,3,0.0,0.0,0.0,0.0,0.0,,0.0,0.6666666666666666,0.0
5903,5,0.0,0.0,0.0,0.0,0.0,,0.534489631652832,0.5,0.0
5914,5,0.0,0.0,0.0,0.0,0.0,,0.0,0.4,0.0
5916,3,0.0,0.0,0.0,0.0,0.0,,0.0,0.6666666666666666,0.0
5963,3,0.0,0.0,0.0,0.0,0.0,,0.0,0.6666666666666666,0.0
5990,3,0.0,0.0,0.0,0.0,0.0,,0.0,0.6666666666666666,0.0
6025,3,0.0,0.0,0.0,0.0,0.0,,0.0,0.6666666666666666,0.0
6148,4,0.0,0.0,0.0,0.0,0.0,,0.0,0.5,0.0
6196,3,0.0,0.0,0.0,0.0,0.0,,0.0,0.6666666666666666,0.0
6207,3,0.0,0.0,0.0,0.0,0.0,,0.0,0.6666666666666666,0.0
6228,3,0.0,0.0,0.0,0.0,0.0,,0.0,1.0,0.0
6250,3,0.0,0.0,0.0,0.0,0.0,,0.0,0.6666666666666666,0.0
6318,3,0.0,0.0,0.0,0.0,0.0,,0.0,0.6666666666666666,0.0
6328,3,0.0,0.0,0.0,0.0,0.0,,0.0,0.6666666666666666,0.0
6368,3,0.0,0.0,0.0,0.0,0.0,,0.0,0.6666666666666666,0.0
6435,3,0.0,0.0,0.0,0.0,0.0,,0.0,0.6666666666666666,0.0
6440,5,0.0,0.0,0.0,0.0,0.0,,0.0,0.4,0.0
6466,5,0.0,0.0,0.0,0.0,0.0,,0.0,0.4,0.0
6490,3,0.0,0.0,0.0,0.0,0.0,,0.0,0.6666666666666666,0.0
6503,3,0.0,0.0,0.0,0.0,0.0,,0.0,0.6666666666666666,0.0
6550,3,0.0,0.0,0.0,0.0,0.0,,0.0,0.6666666666666666,0.0
6570,4,0.0,0.0,0.0,0.0,0.0,,0.0,0.5,0.0
6597,3,0.0,0.0,0.0,0.0,0.0,,0.0,0.6666666666666666,0.0
6632,4,0.0,0.0,0.0,0.0,0.0,,0.0,0.5,0.0
6662,3,0.0,0.0,0.0,0.0,0.0,,0.43622341752052307,0.6666666666666666,0.0
6671,3,0.0,0.0,0.0,0.0,0.0,,0.0,0.6666666666666666,0.0
6682,3,0.0,0.0,0.0,0.0,0.0,,0.0,0.6666666666666666,0.0
6689,3,0.0,0.0,0.0,0.0,0.0,,0.0,0.6666666666666666,0.0
6728,3,0.0,0.0,0.0,0.0,0.0,,0.0,0.6666666666666666,0.0
6744,5,0.0,0.0,0.0,0.0,0.0,,0.0,0.4,0.0
6772,3,0.0,0.0,0.0,0.0,0.0,,0.0028893498238176107,0.6666666666666666,0.0
6776,3,0.0,0.0,0.0,0.0,0.0,,0.0,0.6666666666666666,0.0
6794,3,0.0,0.0,0.0,0.0,0.0,,0.0,0.6666666666666666,0.0
6798,3,0.0,0.0,0.0,0.0,0.0,,0.0,0.6666666666666666,0.0
6886,3,0.0,0.0,0.0,0.0,0.0,,0.0,0.6666666666666666,0.0
6895,3,0.0,0.0,0.0,0.0,0.0,,0.0,0.6666666666666666,0.0
6935,3,0.0,0.0,0.0,0.0,0.0,,0.0,0.6666666666666666,0.0
6945,3,0.0,0.0,0.0,0.0,0.0,,0.0,0.6666666666666666,0.0
6969,3,0.0,0.0,0.0,0.0,0.0,,0.0,0.6666666666666666,0.0
6994,3,0.0,0.0,0.0,0.0,0.0,,0.0,0.6666666666666666,0.0
7050,3,0.0,0.0,0.0,0.0,0.0,,0.0,0.6666666666666666,0.0
7103,3,0.0,0.0,0.0,0.0,0.0,,0.0,0.6666666666666666,0.0
7117,3,0.0,0.0,0.0,0.0,0.0,,0.0,0.6666666666666666,0.0
7177,3,0.0,0.0,0.0,0.0,0.0,,0.0,0.6666666666666666,0.0
7199,3,0.0,0.0,0.0,0.0,0.0,,0.0,0.6666666666666666,0.0
7201,4,0.0,0.0,0.0,0.0,0.0,,0.0,0.5,0.0
7277,3,0.0,0.0,0.0,0.0,0.0,,0.0,0.6666666666666666,0.0
7285,3,0.0,0.0,0.0,0.0,0.0,,0.0,0.6666666666666666,0.0
7320,3,0.0,0.0,0.0,0.0,0.0,,0.3706534504890442,0.6666666666666666,0.0
7387,3,0.0,0.0,0.0,0.0,0.0,,0.0,0.6666666666666666,0.0
7420,4,0.0,0.0,0.0,0.0,0.0,,0.0,0.5,0.0
7431,3,0.0,0.0,0.0,0.0,0.0,,0.0,0.6666666666666666,0.0
7525,4,0.0,0.0,0.0,0.0,0.0,,0.0,0.5,0.0
7547,3,0.0,0.0,0.0,0.0,0.0,,0.0,0.6666666666666666,0.0
7558,4,0.0,0.0,0.0,0.0,0.0,,0.0,0.5,0.0
7682,3,0.0,0.0,0.0,0.0,0.0,,0.0,0.6666666666666666,0.0
7730,3,0.0,0.0,0.0,0.0,0.0,,0.0,0.6666666666666666,0.0
7768,3,0.0,0.0,0.0,0.0,0.0,,0.0,0.6666666666666666,0.0
7787,3,0.0,0.0,0.0,0.0,0.0,,0.0,1.0,0.0
7829,3,0.0,0.0,0.0,0.0,0.0,,0.0,0.6666666666666666,0.0
7832,3,0.0,0.0,0.0,0.0,0.0,,0.0,0.6666666666666666,0.0
7872,3,0.0,0.0,0.0,0.0,0.0,,0.0,0.6666666666666666,0.0
7877,4,0.0,0.0,0.0,0.0,0.0,,0.0,0.5,0.0
7878,3,0.0,0.0,0.0,0.0,0.0,,0.0,0.6666666666666666,0.0
7881,3,0.0,0.0,0.0,0.0,0.0,,0.0,0.6666666666666666,0.0
7974,3,0.0,0.0,0.0,0.0,0.0,,0.0,0.6666666666666666,0.0
7979,4,0.0,0.0,0.0,0.0,0.0,,0.0,0.5,0.0
8075,3,0.0,0.0,0.0,0.0,0.0,,0.3508794903755188,0.6666666666666666,0.0
8144,3,0.0,0.0,0.0,0.0,0.0,,0.0,0.6666666666666666,0.0
8186,3,0.0,0.0,0.0,0.0,0.0,,0.0,0.6666666666666666,0.0
8199,3,0.0,0.0,0.0,0.0,0.0,,0.0,0.6666666666666666,0.0
8206,3,0.0,0.0,0.0,0.0,0.0,,0.0,0.6666666666666666,0.0
8261,6,0.0,0.0,0.0,0.0,0.0,,0.0,0.3333333333333333,0.0
8310,3,0.0,0.0,0.0,0.0,0.0,,0.0,0.6666666666666666,0.0
8365,9,0.0,0.0,0.0,0.0,0.0,,0.516430139541626,0.3055555555555556,0.0
8387,3,0.0,0.0,0.0,0.0,0.0,,0.0,0.6666666666666666,0.0
8393,3,0.0,0.0,0.0,0.0,0.0,,0.0,0.6666666666666666,0.0
8406,3,0.0,0.0,0.0,0.0,0.0,,0.0,0.6666666666666666,0.0
8414,3,0.0,0.0,0.0,0.0,0.0,,0.0,0.6666666666666666,0.0
8442,3,0.0,0.0,0.0,0.0,0.0,,0.0,0.6666666666666666,0.0
8466,8,0.0,0.0,0.0,0.0,0.0,,0.1977478414773941,0.35714285714285715,0.0
8486,3,0.0,0.0,0.0,0.0,0.0,,0.0,0.6666666666666666,0.0
8588,3,0.0,0.0,0.0,0.0,0.0,,0.0,0.6666666666666666,0.0
8598,3,0.0,0.0,0.0,0.0,0.0,,0.0,0.6666666666666666,0.0
8607,7,0.0,0.0,0.0,0.0,0.0,,0.14293894171714783,0.3333333333333333,0.0
8613,3,0.0,0.0,0.0,0.0,0.0,,0.0,0.6666666666666666,0.0
8654,3,0.0,0.0,0.0,0.0,0.0,,0.0,0.6666666666666666,0.0
8673,3,0.0,0.0,0.0,0.0,0.0,,0.0,0.6666666666666666,0.0
8679,3,0.0,0.0,0.0,0.0,0.0,,0.0,0.6666666666666666,0.0
8681,3,0.0,0.0,0.0,0.0,0.0,,0.0,0.6666666666666666,0.0
8683,3,0.0,0.0,0.0,0.0,0.0,,0.0,0.6666666666666666,0.0
8697,3,0.0,0.0,0.0,0.0,0.0,,0.04077614098787308,0.6666666666666666,0.0
8698,3,0.0,0.0,0.0,0.0,0.0,,0.0,0.6666666666666666,0.0
8831,3,0.0,0.0,0.0,0.0,0.0,,0.0,0.6666666666666666,0.0
8853,3,0.0,0.0,0.0,0.0,0.0,,0.0,0.6666666666666666,0.0
8905,3,0.0,0.0,0.0,0.0,0.0,,0.0,0.6666666666666666,0.0
9016,3,0.0,0.0,0.0,0.0,0.0,,0.0,0.6666666666666666,0.0
9034,4,0.0,0.0,0.0,0.0,0.0,,0.0,0.5,0.0
9076,3,0.0,0.0,0.0,0.0,0.0,,0.0,0.6666666666666666,0.0
9107,4,0.0,0.0,0.0,0.0,0.0,,0.5536926984786987,0.5,0.0
9116,3,0.0,0.0,0.0,0.0,0.0,,0.0,0.6666666666666666,0.0
9183,3,0.0,0.0,0.0,0.0,0.0,,0.0,0.6666666666666666,0.0
9198,3,0.0,0.0,0.0,0.0,0.0,,0.0,0.6666666666666666,0.0
9227,7,0.0,0.0,0.0,0.0,0.0,,0.0,0.2857142857142857,0.0
9231,3,0.0,0.0,0.0,0.0,0.0,,0.0,0.6666666666666666,0.0
9239,6,0.0,0.0,0.0,0.0,0.0,,0.0,0.3333333333333333,0.0
9256,3,0.0,0.0,0.0,0.0,0.0,,0.0,0.6666666666666666,0.0
9296,3,0.0,0.0,0.0,0.0,0.0,,0.0,0.6666666666666666,0.0
9300,3,0.0,0.0,0.0,0.0,0.0,,0.0,0.6666666666666666,0.0
9333,3,0.0,0.0,0.0,0.0,0.0,,0.0,0.6666666666666666,0.0
9358,3,0.0,0.0,0.0,0.0,0.0,,0.8850848078727722,0.6666666666666666,0.0
9369,3,0.0,0.0,0.0,0.0,0.0,,0.0,0.6666666666666666,0.0
9371,3,0.0,0.0,0.0,0.0,0.0,,0.0,0.6666666666666666,0.0
9382,3,0.0,0.0,0.0,0.0,0.0,,0.0,0.6666666666666666,0.0
9460,3,0.0,0.0,0.0,0.0,0.0,,0.0,0.6666666666666666,0.0
9483,4,0.0,0.0,0.0,0.0,0.0,,0.0,0.5,0.0
9507,3,0.0,0.0,0.0,0.0,0.0,,0.0,0.6666666666666666,0.0
9560,6,0.0,0.0,0.0,0.0,0.0,,0.0,0.3333333333333333,0.0
9571,3,0.0,0.0,0.0,0.0,0.0,,0.0,0.6666666666666666,0.0
9583,4,0.0,0.0,0.0,0.0,0.0,,0.0,0.5,0.0
9652,3,0.0,0.0,0.0,0.0,0.0,,0.0,0.6666666666666666,0.0
9675,3,0.0,0.0,0.0,0.0,0.0,,0.0,0.6666666666666666,0.0
9677,3,0.0,0.0,0.0,0.0,0.0,,0.9953837394714355,0.6666666666666666,0.0
9682,3,0.0,0.0,0.0,0.0,0.0,,0.0,0.6666666666666666,0.0
9700,3,0.0,0.0,0.0,0.0,0.0,,0.0,0.6666666666666666,0.0
9758,3,0.0,0.0,0.0,0.0,0.0,,0.0,0.6666666666666666,0.0
9761,4,0.0,0.0,0.0,0.0,0.0,,0.0,0.5,0.0
9790,3,0.0,0.0,0.0,0.0,0.0,,0.0,0.6666666666666666,0.0
9798,3,0.0,0.0,0.0,0.0,0.0,,0.0,0.6666666666666666,0.0
9838,3,0.0,0.0,0.0,0.0,0.0,,0.0,0.6666666666666666,0.0
9855,4,0.0,0.0,0.0,0.0,0.0,,0.0,0.5,0.0
9858,3,0.0,0.0,0.0,0.0,0.0,,0.0,0.6666666666666666,0.0
9874,3,0.0,0.0,0.0,0.0,0.0,,0.0,0.6666666666666666,0.0
9897,3,0.0,0.0,0.0,0.0,0.0,,0.0,0.6666666666666666,0.0
9906,3,0.0,0.0,0.0,0.0,0.0,,0.0,0.6666666666666666,0.0
9951,3,0.0,0.0,0.0,0.0,0.0,,0.0,0.6666666666666666,0.0
9958,3,0.0,0.0,0.0,0.0,0.0,,0.0,0.6666666666666666,0.0
9959,5,0.0,0.0,0.0,0.0,0.0,,0.0,0.4,0.0
9972,3,0.0,0.0,0.0,0.0,0.0,,0.0,0.6666666666666666,0.0
10021,3,0.0,0.0,0.0,0.0,0.0,,0.0,0.6666666666666666,0.0
10024,3,0.0,0.0,0.0,0.0,0.0,,0.0,0.6666666666666666,0.0
10032,3,0.0,0.0,0.0,0.0,0.0,,0.0,0.6666666666666666,0.0
10122,3,0.0,0.0,0.0,0.0,0.0,,0.0,0.6666666666666666,0.0
10144,3,0.0,0.0,0.0,0.0,0.0,,0.0,0.6666666666666666,0.0
10177,3,0.0,0.0,0.0,0.0,0.0,,0.0,0.6666666666666666,0.0
10178,4,0.0,0.0,0.0,0.0,0.0,,0.0,0.5,0.0
10190,3,0.0,0.0,0.0,0.0,0.0,,0.0,0.6666666666666666,0.0
10264,3,0.0,0.0,0.0,0.0,0.0,,0.0,0.6666666666666666,0.0
10347,5,0.0,0.0,0.0,0.0,0.0,,0.5699721574783325,0.6,0.0
10395,6,0.0,0.0,0.0,0.0,0.0,,0.0,0.3333333333333333,0.0
10468,5,0.0,0.0,0.0,0.0,0.0,,0.46558910608291626,0.4,0.0
10498,4,0.0,0.0,0.0,0.0,0.0,,0.0,0.5,0.0
10596,3,0.0,0.0,0.0,0.0,0.0,,0.7883405685424805,0.6666666666666666,0.0
10598,3,0.0,0.0,0.0,0.0,0.0,,0.0,0.6666666666666666,0.0
10608,3,0.0,0.0,0.0,0.0,0.0,,0.0,0.6666666666666666,0.0
10632,3,0.0,0.0,0.0,0.0,0.0,,0.0,0.6666666666666666,0.0
10640,3,0.0,0.0,0.0,0.0,0.0,,0.0,0.6666666666666666,0.0
10652,3,0.0,0.0,0.0,0.0,0.0,,0.0,0.6666666666666666,0.0
10678,3,0.0,0.0,0.0,0.0,0.0,,0.0,0.6666666666666666,0.0
10707,3,0.0,0.0,0.0,0.0,0.0,,0.0,0.6666666666666666,0.0
10753,5,0.0,0.0,0.0,0.0,0.0,,0.5304737091064453,0.5,0.0
10781,3,0.0,0.0,0.0,0.0,0.0,,0.0,0.6666666666666666,0.0
10782,4,0.0,0.0,0.0,0.0,0.0,,0.48050880432128906,0.5,0.0
10793,3,0.0,0.0,0.0,0.0,0.0,,0.0,0.6666666666666666,0.0
10802,3,0.0,0.0,0.0,0.0,0.0,,0.0,0.6666666666666666,0.0
10812,3,0.0,0.0,0.0,0.0,0.0,,0.0,0.6666666666666666,0.0
10877,4,0.0,0.0,0.0,0.0,0.0,,0.0,0.5,0.0
10880,3,0.0,0.0,0.0,0.0,0.0,,0.0,0.6666666666666666,0.0
10898,3,0.0,0.0,0.0,0.0,0.0,,0.0,0.6666666666666666,0.0
10906,3,0.0,0.0,0.0,0.0,0.0,,0.0,0.6666666666666666,0.0
10933,3,0.0,0.0,0.0,0.0,0.0,,0.0,0.6666666666666666,0.0
10943,3,0.0,0.0,0.0,0.0,0.0,,0.0,0.6666666666666666,0.0
10962,3,0.0,0.0,0.0,0.0,0.0,,0.0,0.6666666666666666,0.0
10973,3,0.0,0.0,0.0,0.0,0.0,,0.0,0.6666666666666666,0.0
10990,3,0.0,0.0,0.0,0.0,0.0,,0.0,0.6666666666666666,0.0
10992,3,0.0,0.0,0.0,0.0,0.0,,0.0,0.6666666666666666,0.0
11012,3,0.0,0.0,0.0,0.0,0.0,,0.0,0.6666666666666666,0.0
11024,3,0.0,0.0,0.0,0.0,0.0,,0.0,0.6666666666666666,0.0
11052,3,0.0,0.0,0.0,0.0,0.0,,0.0,0.6666666666666666,0.0
11054,3,0.0,0.0,0.0,0.0,0.0,,0.0,0.6666666666666666,0.0
11074,3,0.0,0.0,0.0,0.0,0.0,,0.0,0.6666666666666666,0.0
11120,3,0.0,0.0,0.0,0.0,0.0,,0.0,0.6666666666666666,0.0
11164,3,0.0,0.0,0.0,0.0,0.0,,0.7997642755508423,0.6666666666666666,0.0
11165,8,0.0,0.0,0.0,0.0,0.0,,0.0,0.25,0.0
11169,3,0.0,0.0,0.0,0.0,0.0,,0.0,0.6666666666666666,0.0
11184,3,0.0,0.0,0.0,0.0,0.0,,0.0,0.6666666666666666,0.0
11192,4,0.0,0.0,0.0,0.0,0.0,,0.0,0.5,0.0
11193,3,0.0,0.0,0.0,0.0,0.0,,0.0,0.6666666666666666,0.0
11196,3,0.0,0.0,0.0,0.0,0.0,,0.0,0.6666666666666666,0.0
11203,3,0.0,0.0,0.0,0.0,0.0,,0.0,0.6666666666666666,0.0
11228,4,0.0,0.0,0.0,0.0,0.0,,0.0,0.5,0.0
11299,5,0.0,0.0,0.0,0.0,0.0,,0.0,0.4,0.0
11309,3,0.0,0.0,0.0,0.0,0.0,,0.0,0.6666666666666666,0.0
11311,6,0.0,0.0,0.0,0.0,0.0,,0.0,0.3333333333333333,0.0
11372,3,0.0,0.0,0.0,0.0,0.0,,0.0,0.6666666666666666,0.0
11382,3,0.0,0.0,0.0,0.0,0.0,,0.0,0.6666666666666666,0.0
11385,3,0.0,0.0,0.0,0.0,0.0,,0.0,0.6666666666666666,0.0
11401,3,0.0,0.0,0.0,0.0,0.0,,0.0,0.6666666666666666,0.0
11406,3,0.0,0.0,0.0,0.0,0.0,,0.0,0.6666666666666666,0.0
11413,3,0.0,0.0,0.0,0.0,0.0,,0.0,0.6666666666666666,0.0
11420,3,0.0,0.0,0.0,0.0,0.0,,0.0,0.6666666666666666,0.0
11458,4,0.0,0.0,0.0,0.0,0.0,,0.0,0.5,0.0
11483,3,0.0,0.0,0.0,0.0,0.0,,0.0,0.6666666666666666,0.0
11513,3,0.0,0.0,0.0,0.0,0.0,,0.0,0.6666666666666666,0.0
11615,3,0.0,0.0,0.0,0.0,0.0,,0.5204223394393921,0.6666666666666666,0.0
11642,3,0.0,0.0,0.0,0.0,0.0,,0.0,0.6666666666666666,0.0
11672,3,0.0,0.0,0.0,0.0,0.0,,0.0,0.6666666666666666,0.0
11717,3,0.0,0.0,0.0,0.0,0.0,,0.0,0.6666666666666666,0.0
11748,3,0.0,0.0,0.0,0.0,0.0,,0.0,0.6666666666666666,0.0
11761,3,0.0,0.0,0.0,0.0,0.0,,0.0,0.6666666666666666,0.0
11793,3,0.0,0.0,0.0,0.0,0.0,,0.0,0.6666666666666666,0.0
11807,3,0.0,0.0,0.0,0.0,0.0,,0.0,0.6666666666666666,0.0
11808,3,0.0,0.0,0.0,0.0,0.0,,0.0,0.6666666666666666,0.0
11833,4,0.0,0.0,0.0,0.0,0.0,,0.0,0.5,0.0
11857,3,0.0,0.0,0.0,0.0,0.0,,0.0,0.6666666666666666,0.0
11911,4,0.0,0.0,0.0,0.0,0.0,,0.831904411315918,0.6666666666666666,0.0
11958,3,0.0,0.0,0.0,0.0,0.0,,0.0,0.6666666666666666,0.0
11966,3,0.0,0.0,0.0,0.0,0.0,,0.0,0.6666666666666666,0.0
11993,4,0.0,0.0,0.0,0.0,0.0,,0.0,0.6666666666666666,0.0
11996,3,0.0,0.0,0.0,0.0,0.0,,0.0,0.6666666666666666,0.0
12022,3,0.0,0.0,0.0,0.0,0.0,,0.0,0.6666666666666666,0.0
12032,3,0.0,0.0,0.0,0.0,0.0,,0.0,0.6666666666666666,0.0
12104,3,0.0,0.0,0.0,0.0,0.0,,0.0,0.6666666666666666,0.0
12121,3,0.0,0.0,0.0,0.0,0.0,,0.0,0.6666666666666666,0.0
12148,3,0.0,0.0,0.0,0.0,0.0,,0.0,0.6666666666666666,0.0
12163,3,0.0,0.0,0.0,0.0,0.0,,0.0,0.6666666666666666,0.0
12169,3,0.0,0.0,0.0,0.0,0.0,,0.0,0.6666666666666666,0.0
12173,8,0.0,0.0,0.0,0.0,0.0,,0.7488176226615906,0.25,0.0
12242,3,0.0,0.0,0.0,0.0,0.0,,0.0,0.6666666666666666,0.0
12289,3,0.0,0.0,0.0,0.0,0.0,,0.0,0.6666666666666666,0.0
12309,3,0.0,0.0,0.0,0.0,0.0,,0.0,0.6666666666666666,0.0
12313,3,0.0,0.0,0.0,0.0,0.0,,0.0,0.6666666666666666,0.0
12377,3,0.0,0.0,0.0,0.0,0.0,,0.0,0.6666666666666666,0.0
12417,3,0.0,0.0,0.0,0.0,0.0,,0.0,0.6666666666666666,0.0
12432,3,0.0,0.0,0.0,0.0,0.0,,0.0,0.6666666666666666,0.0
12464,3,0.0,0.0,0.0,0.0,0.0,,0.0,0.6666666666666666,0.0
12477,3,0.0,0.0,0.0,0.0,0.0,,0.3134976625442505,0.6666666666666666,0.0
12577,3,0.0,0.0,0.0,0.0,0.0,,0.0,0.6666666666666666,0.0
12631,5,0.0,0.0,0.0,0.0,0.0,,0.0,0.4,0.0
12644,3,0.0,0.0,0.0,0.0,0.0,,0.0,0.6666666666666666,0.0
12662,3,0.0,0.0,0.0,0.0,0.0,,0.0,0.6666666666666666,0.0
12733,3,0.0,0.0,0.0,0.0,0.0,,0.0,0.6666666666666666,0.0
12753,3,0.0,0.0,0.0,0.0,0.0,,0.0,0.6666666666666666,0.0
12773,3,0.0,0.0,0.0,0.0,0.0,,0.0,0.6666666666666666,0.0
12802,4,0.0,0.0,0.0,0.0,0.0,,0.0,0.5,0.0
12863,3,0.0,0.0,0.0,0.0,0.0,,0.0,0.6666666666666666,0.0
12875,3,0.0,0.0,0.0,0.0,0.0,,0.0,0.6666666666666666,0.0
12900,3,0.0,0.0,0.0,0.0,0.0,,0.0,0.6666666666666666,0.0
12904,4,0.0,0.0,0.0,0.0,0.0,,0.0,0.5,0.0
12943,4,0.0,0.0,0.0,0.0,0.0,,0.0,0.5,0.0
12946,3,0.0,0.0,0.0,0.0,0.0,,0.0,0.6666666666666666,0.0
12970,3,0.0,0.0,0.0,0.0,0.0,,0.0,0.6666666666666666,0.0
12974,5,0.0,0.0,0.0,0.0,0.0,,0.44008177518844604,0.4,0.0
12989,3,0.0,0.0,0.0,0.0,0.0,,0.0,0.6666666666666666,0.0
13014,3,0.0,0.0,0.0,0.0,0.0,,0.0,0.6666666666666666,0.0
13018,3,0.0,0.0,0.0,0.0,0.0,,0.0,0.6666666666666666,0.0
13058,3,0.0,0.0,0.0,0.0,0.0,,0.0,0.6666666666666666,0.0
13060,3,0.0,0.0,0.0,0.0,0.0,,0.0,0.6666666666666666,0.0
13100,3,0.0,0.0,0.0,0.0,0.0,,0.0,0.6666666666666666,0.0
13136,4,0.0,0.0,0.0,0.0,0.0,,0.0,0.5,0.0
13142,3,0.0,0.0,0.0,0.0,0.0,,0.38593703508377075,0.6666666666666666,0.0
13143,3,0.0,0.0,0.0,0.0,0.0,,0.0,0.6666666666666666,0.0
13220,3,0.0,0.0,0.0,0.0,0.0,,0.0,0.6666666666666666,0.0
13239,4,0.0,0.0,0.0,0.0,0.0,,0.0,0.5,0.0
13280,3,0.0,0.0,0.0,0.0,0.0,,0.0,0.6666666666666666,0.0
13290,4,0.0,0.0,0.0,0.0,0.0,,0.0,0.5,0.0
13316,3,0.0,0.0,0.0,0.0,0.0,,0.20430563390254974,0.6666666666666666,0.0
13320,3,0.0,0.0,0.0,0.0,0.0,,0.0,0.6666666666666666,0.0
13334,3,0.0,0.0,0.0,0.0,0.0,,0.0,0.6666666666666666,0.0
13340,3,0.0,0.0,0.0,0.0,0.0,,0.0,0.6666666666666666,0.0
13343,3,0.0,0.0,0.0,0.0,0.0,,0.0,0.6666666666666666,0.0
13372,3,0.0,0.0,0.0,0.0,0.0,,0.0,0.6666666666666666,0.0
13396,3,0.0,0.0,0.0,0.0,0.0,,0.0,0.6666666666666666,0.0
13418,4,0.0,0.0,0.0,0.0,0.0,,0.0,0.5,0.0
13420,3,0.0,0.0,0.0,0.0,0.0,,0.0,0.6666666666666666,0.0
13431,5,0.0,0.0,0.0,0.0,0.0,,0.0,0.4,0.0
13438,3,0.0,0.0,0.0,0.0,0.0,,0.0,0.6666666666666666,0.0
13465,4,0.0,0.0,0.0,0.0,0.0,,0.0,0.5,0.0
13487,3,0.0,0.0,0.0,0.0,0.0,,0.0,0.6666666666666666,0.0
13520,3,0.0,0.0,0.0,0.0,0.0,,0.0,0.6666666666666666,0.0
13565,3,0.0,0.0,0.0,0.0,0.0,,0.0,0.6666666666666666,0.0
13566,3,0.0,0.0,0.0,0.0,0.0,,0.0,0.6666666666666666,0.0
13612,3,0.0,0.0,0.0,0.0,0.0,,0.0,0.6666666666666666,0.0
13643,3,0.0,0.0,0.0,0.0,0.0,,0.0,0.6666666666666666,0.0
13661,3,0.0,0.0,0.0,0.0,0.0,,0.0,0.6666666666666666,0.0
13669,3,0.0,0.0,0.0,0.0,0.0,,0.0,0.6666666666666666,0.0
13696,3,0.0,0.0,0.0,0.0,0.0,,0.0,0.6666666666666666,0.0
13736,3,0.0,0.0,0.0,0.0,0.0,,0.0,0.6666666666666666,0.0
13755,3,0.0,0.0,0.0,0.0,0.0,,0.0,0.6666666666666666,0.0
13769,4,0.0,0.0,0.0,0.0,0.0,,0.0,0.5,0.0
13776,3,0.0,0.0,0.0,0.0,0.0,,0.0,0.6666666666666666,0.0
13779,7,0.0,0.0,0.0,0.0,0.0,,0.5656180381774902,0.42857142857142855,0.0
13818,9,0.0,0.0,0.0,0.0,0.0,,0.0,0.2222222222222222,0.0
13855,3,0.0,0.0,0.0,0.0,0.0,,0.0,0.6666666666666666,0.0
13915,3,0.0,0.0,0.0,0.0,0.0,,0.0,0.6666666666666666,0.0
13926,3,0.0,0.0,0.0,0.0,0.0,,0.0,0.6666666666666666,0.0
13958,3,0.0,0.0,0.0,0.0,0.0,,0.0,0.6666666666666666,0.0
13967,3,0.0,0.0,0.0,0.0,0.0,,0.0,0.6666666666666666,0.0
13976,3,0.0,0.0,0.0,0.0,0.0,,0.0,0.6666666666666666,0.0
14026,3,0.0,0.0,0.0,0.0,0.0,,0.0,0.6666666666666666,0.0
14027,3,0.0,0.0,0.0,0.0,0.0,,0.0,0.6666666666666666,0.0
14040,3,0.0,0.0,0.0,0.0,0.0,,0.0,0.6666666666666666,0.0
14045,3,0.0,0.0,0.0,0.0,0.0,,0.0,0.6666666666666666,0.0
14076,3,0.0,0.0,0.0,0.0,0.0,,0.0,0.6666666666666666,0.0
14120,3,0.0,0.0,0.0,0.0,0.0,,0.0,0.6666666666666666,0.0
14179,3,0.0,0.0,0.0,0.0,0.0,,0.0,0.6666666666666666,0.0
14193,3,0.0,0.0,0.0,0.0,0.0,,0.0,0.6666666666666666,0.0
14197,5,0.0,0.0,0.0,0.0,0.0,,0.0,0.4,0.0
14239,3,0.0,0.0,0.0,0.0,0.0,,0.7249047160148621,0.6666666666666666,0.0
14252,3,0.0,0.0,0.0,0.0,0.0,,0.0,0.6666666666666666,0.0
14280,3,0.0,0.0,0.0,0.0,0.0,,0.0,0.6666666666666666,0.0
14349,8,0.0,0.0,0.0,0.0,0.0,,0.0,0.25,0.0
14359,3,0.0,0.0,0.0,0.0,0.0,,0.0,0.6666666666666666,0.0
14377,6,0.0,0.0,0.0,0.0,0.0,,0.0,0.3333333333333333,0.0
14401,3,0.0,0.0,0.0,0.0,0.0,,0.0,0.6666666666666666,0.0
14402,3,0.0,0.0,0.0,0.0,0.0,,0.0,0.6666666666666666,0.0
14414,3,0.0,0.0,0.0,0.0,0.0,,0.0,0.6666666666666666,0.0
14430,4,0.0,0.0,0.0,0.0,0.0,,0.0,0.5,0.0
14454,3,0.0,0.0,0.0,0.0,0.0,,0.0,0.6666666666666666,0.0
14458,4,0.0,0.0,0.0,0.0,0.0,,0.0,0.5,0.0
14488,4,0.0,0.0,0.0,0.0,0.0,,0.0,0.5,0.0
14498,4,0.0,0.0,0.0,0.0,0.0,,0.0,0.5,0.0
14514,3,0.0,0.0,0.0,0.0,0.0,,0.0,0.6666666666666666,0.0
14533,3,0.0,0.0,0.0,0.0,0.0,,0.0,0.6666666666666666,0.0
14600,4,0.0,0.0,0.0,0.0,0.0,,0.0,0.5,0.0
14617,4,0.0,0.0,0.0,0.0,0.0,,0.0,0.5,0.0
14627,4,0.0,0.0,0.0,0.0,0.0,,0.0,0.5,0.0
14630,3,0.0,0.0,0.0,0.0,0.0,,0.0,0.6666666666666666,0.0
14643,4,0.0,0.0,0.0,0.0,0.0,,0.0,0.5,0.0
14663,3,0.0,0.0,0.0,0.0,0.0,,0.0,0.6666666666666666,0.0
14664,3,0.0,0.0,0.0,0.0,0.0,,0.22911782562732697,0.6666666666666666,0.0
14685,3,0.0,0.0,0.0,0.0,0.0,,0.0,0.6666666666666666,0.0
14730,4,0.0,0.0,0.0,0.0,0.0,,0.0,0.5,0.0
14734,3,0.0,0.0,0.0,0.0,0.0,,0.0,0.6666666666666666,0.0
14764,3,0.0,0.0,0.0,0.0,0.0,,0.0,0.6666666666666666,0.0
14820,3,0.0,0.0,0.0,0.0,0.0,,0.0,0.6666666666666666,0.0
14854,3,0.0,0.0,0.0,0.0,0.0,,0.0,0.6666666666666666,0.0
14880,3,0.0,0.0,0.0,0.0,0.0,,0.0,0.6666666666666666,0.0
14887,5,0.0,0.0,0.0,0.0,0.0,,0.0,0.4,0.0
14894,3,0.0,0.0,0.0,0.0,0.0,,0.0,0.6666666666666666,0.0
14953,3,0.0,0.0,0.0,0.0,0.0,,0.0,0.6666666666666666,0.0
15017,3,0.0,0.0,0.0,0.0,0.0,,0.0,0.6666666666666666,0.0
15028,3,0.0,0.0,0.0,0.0,0.0,,0.0,0.6666666666666666,0.0
15037,3,0.0,0.0,0.0,0.0,0.0,,0.0,0.6666666666666666,0.0
15163,3,0.0,0.0,0.0,0.0,0.0,,0.0,0.6666666666666666,0.0
15176,3,0.0,0.0,0.0,0.0,0.0,,0.0,0.6666666666666666,0.0
15221,5,0.0,0.0,0.0,0.0,0.0,,0.0,0.4,0.0
15229,3,0.0,0.0,0.0,0.0,0.0,,0.0,0.6666666666666666,0.0
15245,3,0.0,0.0,0.0,0.0,0.0,,0.0,0.6666666666666666,0.0
15291,4,0.0,0.0,0.0,0.0,0.0,,0.0,0.5,0.0
15316,3,0.0,0.0,0.0,0.0,0.0,,0.0,0.6666666666666666,0.0
15317,3,0.0,0.0,0.0,0.0,0.0,,0.0,0.6666666666666666,0.0
15398,3,0.0,0.0,0.0,0.0,0.0,,0.0,0.6666666666666666,0.0
15407,3,0.0,0.0,0.0,0.0,0.0,,0.40324661135673523,0.6666666666666666,0.0
15417,7,0.0,0.0,0.0,0.0,0.0,,0.0,0.2857142857142857,0.0
15421,5,0.0,0.0,0.0,0.0,0.0,,0.0,0.4,0.0
15426,3,0.0,0.0,0.0,0.0,0.0,,0.0,0.6666666666666666,0.0
15441,4,0.0,0.0,0.0,0.0,0.0,,0.0,0.5,0.0
15448,6,0.0,0.0,0.0,0.0,0.0,,0.2048150599002838,0.4,0.0
15458,4,0.0,0.0,0.0,0.0,0.0,,0.0,0.5,0.0
15470,3,0.0,0.0,0.0,0.0,0.0,,0.0,0.6666666666666666,0.0
15553,3,0.0,0.0,0.0,0.0,0.0,,0.0,0.6666666666666666,0.0
15576,3,0.0,0.0,0.0,0.0,0.0,,0.0,0.6666666666666666,0.0
15648,3,0.0,0.0,0.0,0.0,0.0,,0.0,0.6666666666666666,0.0
15653,3,0.0,0.0,0.0,0.0,0.0,,0.0,0.6666666666666666,0.0
15662,5,0.0,0.0,0.0,0.0,0.0,,0.0,0.4,0.0
15686,3,0.0,0.0,0.0,0.0,0.0,,0.0,0.6666666666666666,0.0
15716,3,0.0,0.0,0.0,0.0,0.0,,0.0,0.6666666666666666,0.0
15735,3,0.0,0.0,0.0,0.0,0.0,,0.0,0.6666666666666666,0.0
15737,4,0.0,0.0,0.0,0.0,0.0,,0.0,0.5,0.0
15785,3,0.0,0.0,0.0,0.0,0.0,,0.0,0.6666666666666666,0.0
15804,3,0.0,0.0,0.0,0.0,0.0,,0.0,0.6666666666666666,0.0
15854,3,0.0,0.0,0.0,0.0,0.0,,0.0,0.6666666666666666,0.0
15949,3,0.0,0.0,0.0,0.0,0.0,,0.0,0.6666666666666666,0.0
15956,3,0.0,0.0,0.0,0.0,0.0,,0.0,0.6666666666666666,0.0
15970,3,0.0,0.0,0.0,0.0,0.0,,0.0,0.6666666666666666,0.0
15986,7,0.0,0.0,0.0,0.0,0.0,,0.0,0.2857142857142857,0.0
16000,3,0.0,0.0,0.0,0.0,0.0,,0.0,0.6666666666666666,0.0
16018,3,0.0,0.0,0.0,0.0,0.0,,0.0,0.6666666666666666,0.0
16049,3,0.0,0.0,0.0,0.0,0.0,,0.0,0.6666666666666666,0.0
16124,3,0.0,0.0,0.0,0.0,0.0,,0.0,0.6666666666666666,0.0
16130,3,0.0,0.0,0.0,0.0,0.0,,0.0,0.6666666666666666,0.0
16139,3,0.0,0.0,0.0,0.0,0.0,,0.0,0.6666666666666666,0.0
16148,3,0.0,0.0,0.0,0.0,0.0,,0.0,0.6666666666666666,0.0
16154,3,0.0,0.0,0.0,0.0,0.0,,0.0,0.6666666666666666,0.0
16164,3,0.0,0.0,0.0,0.0,0.0,,0.0,0.6666666666666666,0.0
16176,3,0.0,0.0,0.0,0.0,0.0,,0.0,0.6666666666666666,0.0
16198,3,0.0,0.0,0.0,0.0,0.0,,0.0,0.6666666666666666,0.0
16199,5,0.0,0.0,0.0,0.0,0.0,,0.0,0.4,0.0
16204,4,0.0,0.0,0.0,0.0,0.0,,0.0,0.5,0.0
16239,3,0.0,0.0,0.0,0.0,0.0,,0.0,0.6666666666666666,0.0
16261,3,0.0,0.0,0.0,0.0,0.0,,0.0,0.6666666666666666,0.0
16268,3,0.0,0.0,0.0,0.0,0.0,,0.0,0.6666666666666666,0.0
16278,3,0.0,0.0,0.0,0.0,0.0,,0.0,0.6666666666666666,0.0
16336,3,0.0,0.0,0.0,0.0,0.0,,0.0,0.6666666666666666,0.0
16347,3,0.0,0.0,0.0,0.0,0.0,,0.0,0.6666666666666666,0.0
16363,3,0.0,0.0,0.0,0.0,0.0,,0.0,0.6666666666666666,0.0
16371,3,0.0,0.0,0.0,0.0,0.0,,0.0,0.6666666666666666,0.0
16420,3,0.0,0.0,0.0,0.0,0.0,,0.0,0.6666666666666666,0.0
16435,3,0.0,0.0,0.0,0.0,0.0,,0.0,0.6666666666666666,0.0
16455,5,0.0,0.0,0.0,0.0,0.0,,0.0,0.4,0.0
16457,12,0.0,0.0,0.0,0.0,0.0,,0.5268704891204834,0.21212121212121213,0.0
16480,4,0.0,0.0,0.0,0.0,0.0,,0.0,0.5,0.0
16544,3,0.0,0.0,0.0,0.0,0.0,,0.6421633362770081,0.6666666666666666,0.0
16553,3,0.0,0.0,0.0,0.0,0.0,,0.0,0.6666666666666666,0.0
16575,3,0.0,0.0,0.0,0.0,0.0,,0.0,0.6666666666666666,0.0
16596,3,0.0,0.0,0.0,0.0,0.0,,0.0,0.6666666666666666,0.0
16637,4,0.0,0.0,0.0,0.0,0.0,,0.08249726891517639,0.5,0.0
16671,3,0.0,0.0,0.0,0.0,0.0,,0.0,0.6666666666666666,0.0
16688,3,0.0,0.0,0.0,0.0,0.0,,0.0,0.6666666666666666,0.0
16689,3,0.0,0.0,0.0,0.0,0.0,,0.0,0.6666666666666666,0.0
16714,3,0.0,0.0,0.0,0.0,0.0,,0.0,0.6666666666666666,0.0
16722,3,0.0,0.0,0.0,0.0,0.0,,0.0,0.6666666666666666,0.0
16805,4,0.0,0.0,0.0,0.0,0.0,,0.0,0.5,0.0
16811,4,0.0,0.0,0.0,0.0,0.0,,0.0,0.5,0.0
16844,4,0.0,0.0,0.0,0.0,0.0,,0.0,0.5,0.0
16933,3,0.0,0.0,0.0,0.0,0.0,,0.0,0.6666666666666666,0.0
16936,3,0.0,0.0,0.0,0.0,0.0,,0.0,0.6666666666666666,0.0
17005,3,0.0,0.0,0.0,0.0,0.0,,0.0,0.6666666666666666,0.0
17044,3,0.0,0.0,0.0,0.0,0.0,,0.0,0.6666666666666666,0.0
17092,3,0.0,0.0,0.0,0.0,0.0,,0.0,0.6666666666666666,0.0
17098,3,0.0,0.0,0.0,0.0,0.0,,0.0,0.6666666666666666,0.0
17107,4,0.0,0.0,0.0,0.0,0.0,,0.0,0.5,0.0
17119,3,0.0,0.0,0.0,0.0,0.0,,0.0,0.6666666666666666,0.0
17154,3,0.0,0.0,0.0,0.0,0.0,,0.0,0.6666666666666666,0.0
17179,3,0.0,0.0,0.0,0.0,0.0,,0.0,0.6666666666666666,0.0
17183,3,0.0,0.0,0.0,0.0,0.0,,0.0,0.6666666666666666,0.0
17234,3,0.0,0.0,0.0,0.0,0.0,,0.0,0.6666666666666666,0.0
17260,5,0.0,0.0,0.0,0.0,0.0,,0.0,0.4,0.0
17261,3,0.0,0.0,0.0,0.0,0.0,,0.0,0.6666666666666666,0.0
17289,3,0.0,0.0,0.0,0.0,0.0,,0.0,0.6666666666666666,0.0
17303,3,0.0,0.0,0.0,0.0,0.0,,0.0,0.6666666666666666,0.0
17327,5,0.0,0.0,0.0,0.0,0.0,,0.0,0.4,0.0
17338,3,0.0,0.0,0.0,0.0,0.0,,0.0,0.6666666666666666,0.0
17341,3,0.0,0.0,0.0,0.0,0.0,,0.0,0.6666666666666666,0.0
17356,3,0.0,0.0,0.0,0.0,0.0,,0.0,0.6666666666666666,0.0
17360,3,0.0,0.0,0.0,0.0,0.0,,0.0,0.6666666666666666,0.0
17361,3,0.0,0.0,0.0,0.0,0.0,,0.0,0.6666666666666666,0.0
17364,3,0.0,0.0,0.0,0.0,0.0,,0.0,0.6666666666666666,0.0
17440,3,0.0,0.0,0.0,0.0,0.0,,0.0,0.6666666666666666,0.0
17445,3,0.0,0.0,0.0,0.0,0.0,,0.0,0.6666666666666666,0.0
17451,4,0.0,0.0,0.0,0.0,0.0,,0.0,0.5,0.0
17468,3,0.0,0.0,0.0,0.0,0.0,,0.0,0.6666666666666666,0.0
17491,3,0.0,0.0,0.0,0.0,0.0,,0.0,0.6666666666666666,0.0
17501,3,0.0,0.0,0.0,0.0,0.0,,0.0,0.6666666666666666,0.0
17506,3,0.0,0.0,0.0,0.0,0.0,,0.0,0.6666666666666666,0.0
17544,3,0.0,0.0,0.0,0.0,0.0,,0.0,0.6666666666666666,0.0
17563,3,0.0,0.0,0.0,0.0,0.0,,0.3081705868244171,0.6666666666666666,0.0
17568,3,0.0,0.0,0.0,0.0,0.0,,0.0,0.6666666666666666,0.0
17586,3,0.0,0.0,0.0,0.0,0.0,,0.15613465011119843,0.6666666666666666,0.0
17647,3,0.0,0.0,0.0,0.0,0.0,,0.0,0.6666666666666666,0.0
17668,3,0.0,0.0,0.0,0.0,0.0,,0.0,0.6666666666666666,0.0
17732,3,0.0,0.0,0.0,0.0,0.0,,0.0,0.6666666666666666,0.0
17740,3,0.0,0.0,0.0,0.0,0.0,,0.0,0.6666666666666666,0.0
17743,3,0.0,0.0,0.0,0.0,0.0,,0.0,0.6666666666666666,0.0
17839,3,0.0,0.0,0.0,0.0,0.0,,0.0,0.6666666666666666,0.0
17855,3,0.0,0.0,0.0,0.0,0.0,,0.0,0.6666666666666666,0.0
17879,3,0.0,0.0,0.0,0.0,0.0,,0.0,0.6666666666666666,0.0
17930,4,0.0,0.0,0.0,0.0,0.0,,0.5702797770500183,0.6666666666666666,0.0
17957,4,0.0,0.0,0.0,0.0,0.0,,0.8063781261444092,0.5,0.0
17963,3,0.0,0.0,0.0,0.0,0.0,,0.0,0.6666666666666666,0.0
17969,3,0.0,0.0,0.0,0.0,0.0,,0.0,0.6666666666666666,0.0
17981,3,0.0,0.0,0.0,0.0,0.0,,0.0,0.6666666666666666,0.0
18007,3,0.0,0.0,0.0,0.0,0.0,,0.0,0.6666666666666666,0.0
18018,3,0.0,0.0,0.0,0.0,0.0,,0.0,0.6666666666666666,0.0
18033,3,0.0,0.0,0.0,0.0,0.0,,0.0,0.6666666666666666,0.0
18072,3,0.0,0.0,0.0,0.0,0.0,,0.0,0.6666666666666666,0.0
18182,3,0.0,0.0,0.0,0.0,0.0,,0.0,0.6666666666666666,0.0
18193,4,0.0,0.0,0.0,0.0,0.0,,0.4254753291606903,0.6666666666666666,0.0
18223,3,0.0,0.0,0.0,0.0,0.0,,0.0,0.6666666666666666,0.0
18236,3,0.0,0.0,0.0,0.0,0.0,,0.0,0.6666666666666666,0.0
18238,3,0.0,0.0,0.0,0.0,0.0,,0.0,0.6666666666666666,0.0
18262,3,0.0,0.0,0.0,0.0,0.0,,0.21585695445537567,0.6666666666666666,0.0
18265,3,0.0,0.0,0.0,0.0,0.0,,0.0,0.6666666666666666,0.0
18280,3,0.0,0.0,0.0,0.0,0.0,,0.0,0.6666666666666666,0.0
18291,3,0.0,0.0,0.0,0.0,0.0,,0.0,0.6666666666666666,0.0
18317,4,0.0,0.0,0.0,0.0,0.0,,0.0,0.5,0.0
18319,4,0.0,0.0,0.0,0.0,0.0,,0.0,0.5,0.0
18376,3,0.0,0.0,0.0,0.0,0.0,,0.0,0.6666666666666666,0.0
18418,3,0.0,0.0,0.0,0.0,0.0,,0.0,0.6666666666666666,0.0
18427,3,0.0,0.0,0.0,0.0,0.0,,0.0,0.6666666666666666,0.0
18438,4,0.0,0.0,0.0,0.0,0.0,,0.0,0.5,0.0
18456,3,0.0,0.0,0.0,0.0,0.0,,0.46613314747810364,0.6666666666666666,0.0
18461,5,0.0,0.0,0.0,0.0,0.0,,0.0,0.4,0.0
18465,3,0.0,0.0,0.0,0.0,0.0,,0.0,0.6666666666666666,0.0
18664,4,0.0,0.0,0.0,0.0,0.0,,0.0,0.5,0.0
18667,3,0.0,0.0,0.0,0.0,0.0,,0.0,0.6666666666666666,0.0
18697,3,0.0,0.0,0.0,0.0,0.0,,0.0,0.6666666666666666,0.0
18698,3,0.0,0.0,0.0,0.0,0.0,,0.0,0.6666666666666666,0.0
18705,3,0.0,0.0,0.0,0.0,0.0,,0.0,0.6666666666666666,0.0
18738,3,0.0,0.0,0.0,0.0,0.0,,0.0,0.6666666666666666,0.0
18845,3,0.0,0.0,0.0,0.0,0.0,,0.0,0.6666666666666666,0.0
18866,4,0.0,0.0,0.0,0.0,0.0,,0.0,0.5,0.0
18871,4,0.0,0.0,0.0,0.0,0.0,,0.0,0.6666666666666666,0.0
18936,3,0.0,0.0,0.0,0.0,0.0,,0.0,0.6666666666666666,0.0
18995,3,0.0,0.0,0.0,0.0,0.0,,0.0,0.6666666666666666,0.0
19037,3,0.0,0.0,0.0,0.0,0.0,,0.0,0.6666666666666666,0.0
19059,3,0.0,0.0,0.0,0.0,0.0,,0.0,0.6666666666666666,0.0
19067,3,0.0,0.0,0.0,0.0,0.0,,0.0,0.6666666666666666,0.0
19074,3,0.0,0.0,0.0,0.0,0.0,,0.0,0.6666666666666666,0.0
19094,3,0.0,0.0,0.0,0.0,0.0,,0.0,0.6666666666666666,0.0
19096,3,0.0,0.0,0.0,0.0,0.0,,0.0,0.6666666666666666,0.0
19104,3,0.0,0.0,0.0,0.0,0.0,,0.0,0.6666666666666666,0.0
19111,3,0.0,0.0,0.0,0.0,0.0,,0.0,0.6666666666666666,0.0
19194,3,0.0,0.0,0.0,0.0,0.0,,0.0,0.6666666666666666,0.0
19246,3,0.0,0.0,0.0,0.0,0.0,,0.0,0.6666666666666666,0.0
19305,3,0.0,0.0,0.0,0.0,0.0,,0.0,0.6666666666666666,0.0
19338,3,0.0,0.0,0.0,0.0,0.0,,0.0,0.6666666666666666,0.0
19365,3,0.0,0.0,0.0,0.0,0.0,,0.0,0.6666666666666666,0.0
