community_id,size,mean_sentiment,sentiment_variance,polarization_morales,ECE,AOD,assortativity_sign,modularity_local
65,3,0.0,0.0,0.0,0.0,0.0,0.0,5.784760626411691e-06
162,4,0.0,0.0,0.0,0.0,0.0,0.0,1.156945432513805e-05
187,3,0.0,0.0,0.0,0.0,0.0,0.0,5.784760626411691e-06
278,3,0.0,0.0,0.0,0.0,0.0,0.0,5.784760626411691e-06
355,5,0.0,0.0,0.0,0.0,0.0,0.0,1.735408109617907e-05
389,32,0.0,0.0,0.0,0.0,0.0,0.0,9.254813870034706e-05
403,3,0.0,0.0,0.0,0.0,0.0,0.0,5.784760626411691e-06
503,3,0.0,0.0,0.0,0.0,0.0,0.0,5.784760626411691e-06
556,3,0.0,0.0,0.0,0.0,0.0,0.0,5.784760626411691e-06
560,3,0.0,0.0,0.0,0.0,0.0,0.0,5.784760626411691e-06
561,3,0.0,0.0,0.0,0.0,0.0,0.0,5.784760626411691e-06
628,5,0.0,0.0,0.0,0.0,0.0,0.0,1.156945432513805e-05
666,3,0.0,0.0,0.0,0.0,0.0,0.0,5.784760626411691e-06
758,3,0.0,0.0,0.0,0.0,0.0,0.0,5.784760626411691e-06
778,3,0.0,0.0,0.0,0.0,0.0,0.0,5.784760626411691e-06
843,4,0.0,0.0,0.0,0.0,0.0,0.0,8.677115841735537e-06
864,3,0.0,0.0,0.0,0.0,0.0,0.0,5.784760626411691e-06
900,4,0.0,0.0,0.0,0.0,0.0,0.0,8.677115841735537e-06
940,6,0.0,0.0,0.0,0.0,0.0,0.0,2.3138640939534764e-05
942,3,0.0,0.0,0.0,0.0,0.0,0.0,5.784760626411691e-06
984,3,0.0,0.0,0.0,0.0,0.0,0.0,5.784760626411691e-06
1005,3,0.0,0.0,0.0,0.0,0.0,0.0,5.784760626411691e-06
1036,3,0.0,0.0,0.0,0.0,0.0,0.0,5.784760626411691e-06
1124,3,0.0,0.0,0.0,0.0,0.0,0.0,5.784760626411691e-06
1202,3,0.0,0.0,0.0,0.0,0.0,0.0,5.784760626411691e-06
1301,3,0.0,0.0,0.0,0.0,0.0,0.0,5.784760626411691e-06
1306,4,0.0,0.0,0.0,0.0,0.0,0.0,8.677115841735537e-06
1320,3,0.0,0.0,0.0,0.0,0.0,0.0,5.784760626411691e-06
1337,3,0.0,0.0,0.0,0.0,0.0,0.0,5.784760626411691e-06
1423,3,0.0,0.0,0.0,0.0,0.0,0.0,5.784760626411691e-06
1461,4,0.0,0.0,0.0,0.0,0.0,0.0,8.677115841735537e-06
1480,3,0.0,0.0,0.0,0.0,0.0,0.0,5.784760626411691e-06
1523,3,0.0,0.0,0.0,0.0,0.0,0.0,5.784760626411691e-06
1592,5,0.0,0.0,0.0,0.0,0.0,0.0,1.156945432513805e-05
1643,4,0.0,0.0,0.0,0.0,0.0,0.0,8.677115841735537e-06
1654,6,0.0,0.0,0.0,0.0,0.0,0.0,2.0246369383817586e-05
1743,3,0.0,0.0,0.0,0.0,0.0,0.0,5.784760626411691e-06
1794,3,0.0,0.0,0.0,0.0,0.0,0.0,8.677115841735537e-06
1841,4,0.0,0.0,0.0,0.0,0.0,0.0,8.677115841735537e-06
1847,3,0.0,0.0,0.0,0.0,0.0,0.0,5.784760626411691e-06
1857,3,0.0,0.0,0.0,0.0,0.0,0.0,5.784760626411691e-06
1904,3,0.0,0.0,0.0,0.0,0.0,0.0,5.784760626411691e-06
1906,3,0.0,0.0,0.0,0.0,0.0,0.0,5.784760626411691e-06
1915,3,0.0,0.0,0.0,0.0,0.0,0.0,5.784760626411691e-06
1943,3,0.0,0.0,0.0,0.0,0.0,0.0,5.784760626411691e-06
2004,3,0.0,0.0,0.0,0.0,0.0,0.0,5.784760626411691e-06
2008,3,0.0,0.0,0.0,0.0,0.0,0.0,5.784760626411691e-06
2062,9,0.0,0.0,0.0,0.0,0.0,0.0,2.3138640939534764e-05
2099,3,0.0,0.0,0.0,0.0,0.0,0.0,5.784760626411691e-06
2126,4,0.0,0.0,0.0,0.0,0.0,0.0,8.677115841735537e-06
2148,4,0.0,0.0,0.0,0.0,0.0,0.0,8.677115841735537e-06
2227,3,0.0,0.0,0.0,0.0,0.0,0.0,5.784760626411691e-06
2234,3,0.0,0.0,0.0,0.0,0.0,0.0,5.784760626411691e-06
2289,3,0.0,0.0,0.0,0.0,0.0,0.0,5.784760626411691e-06
2346,3,0.0,0.0,0.0,0.0,0.0,0.0,5.784760626411691e-06
2348,3,0.0,0.0,0.0,0.0,0.0,0.0,5.784760626411691e-06
2429,3,0.0,0.0,0.0,0.0,0.0,0.0,5.784760626411691e-06
2483,5,0.0,0.0,0.0,0.0,0.0,0.0,1.735408109617907e-05
2519,3,0.0,0.0,0.0,0.0,0.0,0.0,5.784760626411691e-06
2543,4,0.0,0.0,0.0,0.0,0.0,0.0,8.677115841735537e-06
2632,3,0.0,0.0,0.0,0.0,0.0,0.0,5.784760626411691e-06
2649,5,0.0,0.0,0.0,0.0,0.0,0.0,1.735408109617907e-05
2672,4,0.0,0.0,0.0,0.0,0.0,0.0,8.677115841735537e-06
2684,3,0.0,0.0,0.0,0.0,0.0,0.0,5.784760626411691e-06
2724,3,0.0,0.0,0.0,0.0,0.0,0.0,5.784760626411691e-06
2825,4,0.0,0.0,0.0,0.0,0.0,0.0,8.677115841735537e-06
2866,3,0.0,0.0,0.0,0.0,0.0,0.0,5.784760626411691e-06
2871,4,0.0,0.0,0.0,0.0,0.0,0.0,8.677115841735537e-06
2937,3,0.0,0.0,0.0,0.0,0.0,0.0,5.784760626411691e-06
2986,3,0.0,0.0,0.0,0.0,0.0,0.0,5.784760626411691e-06
2987,3,0.0,0.0,0.0,0.0,0.0,0.0,5.784760626411691e-06
2994,3,0.0,0.0,0.0,0.0,0.0,0.0,5.784760626411691e-06
3052,3,0.0,0.0,0.0,0.0,0.0,0.0,5.784760626411691e-06
3064,3,0.0,0.0,0.0,0.0,0.0,0.0,5.784760626411691e-06
3088,3,0.0,0.0,0.0,0.0,0.0,0.0,5.784760626411691e-06
3119,3,0.0,0.0,0.0,0.0,0.0,0.0,5.784760626411691e-06
3125,3,0.0,0.0,0.0,0.0,0.0,0.0,5.784760626411691e-06
3190,5,0.0,0.0,0.0,0.0,0.0,0.0,1.156945432513805e-05
3236,3,0.0,0.0,0.0,0.0,0.0,0.0,5.784760626411691e-06
3264,3,0.0,0.0,0.0,0.0,0.0,0.0,5.784760626411691e-06
3294,3,0.0,0.0,0.0,0.0,0.0,0.0,5.784760626411691e-06
3310,3,0.0,0.0,0.0,0.0,0.0,0.0,5.784760626411691e-06
3311,3,0.0,0.0,0.0,0.0,0.0,0.0,5.784760626411691e-06
3382,4,0.0,0.0,0.0,0.0,0.0,0.0,8.677115841735537e-06
3401,3,0.0,0.0,0.0,0.0,0.0,0.0,5.784760626411691e-06
3409,4,0.0,0.0,0.0,0.0,0.0,0.0,8.677115841735537e-06
3410,3,0.0,0.0,0.0,0.0,0.0,0.0,5.784760626411691e-06
3474,3,0.0,0.0,0.0,0.0,0.0,0.0,5.784760626411691e-06
3632,4,0.0,0.0,0.0,0.0,0.0,0.0,8.677115841735537e-06
3633,3,0.0,0.0,0.0,0.0,0.0,0.0,5.784760626411691e-06
3662,3,0.0,0.0,0.0,0.0,0.0,0.0,5.784760626411691e-06
3674,3,0.0,0.0,0.0,0.0,0.0,0.0,5.784760626411691e-06
3710,3,0.0,0.0,0.0,0.0,0.0,0.0,5.784760626411691e-06
3715,3,0.0,0.0,0.0,0.0,0.0,0.0,5.784760626411691e-06
3762,4,0.0,0.0,0.0,0.0,0.0,0.0,1.156945432513805e-05
3771,3,0.0,0.0,0.0,0.0,0.0,0.0,5.784760626411691e-06
3826,4,0.0,0.0,0.0,0.0,0.0,0.0,8.677115841735537e-06
3839,4,0.0,0.0,0.0,0.0,0.0,0.0,1.156945432513805e-05
3849,3,0.0,0.0,0.0,0.0,0.0,0.0,5.784760626411691e-06
3974,6,0.0,0.0,0.0,0.0,0.0,0.0,1.4461776076619226e-05
4040,3,0.0,0.0,0.0,0.0,0.0,0.0,5.784760626411691e-06
4066,3,0.0,0.0,0.0,0.0,0.0,0.0,5.784760626411691e-06
4094,3,0.0,0.0,0.0,0.0,0.0,0.0,5.784760626411691e-06
4096,3,0.0,0.0,0.0,0.0,0.0,0.0,5.784760626411691e-06
4104,3,0.0,0.0,0.0,0.0,0.0,0.0,5.784760626411691e-06
4127,3,0.0,0.0,0.0,0.0,0.0,0.0,5.784760626411691e-06
4131,3,0.0,0.0,0.0,0.0,0.0,0.0,5.784760626411691e-06
4166,4,0.0,0.0,0.0,0.0,0.0,0.0,8.677115841735537e-06
4183,3,0.0,0.0,0.0,0.0,0.0,0.0,5.784760626411691e-06
4185,3,0.0,0.0,0.0,0.0,0.0,0.0,5.784760626411691e-06
4217,6,0.0,0.0,0.0,0.0,0.0,0.0,1.4461776076619226e-05
4227,5,0.0,0.0,0.0,0.0,0.0,0.0,1.156945432513805e-05
4235,3,0.0,0.0,0.0,0.0,0.0,0.0,5.784760626411691e-06
4237,3,0.0,0.0,0.0,0.0,0.0,0.0,5.784760626411691e-06
4367,3,0.0,0.0,0.0,0.0,0.0,0.0,5.784760626411691e-06
4422,3,0.0,0.0,0.0,0.0,0.0,0.0,5.784760626411691e-06
4442,3,0.0,0.0,0.0,0.0,0.0,0.0,5.784760626411691e-06
4452,3,0.0,0.0,0.0,0.0,0.0,0.0,5.784760626411691e-06
4460,3,0.0,0.0,0.0,0.0,0.0,0.0,5.784760626411691e-06
4501,3,0.0,0.0,0.0,0.0,0.0,0.0,5.784760626411691e-06
4526,5,0.0,0.0,0.0,0.0,0.0,0.0,1.156945432513805e-05
4581,3,0.0,0.0,0.0,0.0,0.0,0.0,5.784760626411691e-06
4628,5,0.0,0.0,0.0,0.0,0.0,0.0,1.156945432513805e-05
4631,3,0.0,0.0,0.0,0.0,0.0,0.0,5.784760626411691e-06
4633,3,0.0,0.0,0.0,0.0,0.0,0.0,5.784760626411691e-06
4638,3,0.0,0.0,0.0,0.0,0.0,0.0,5.784760626411691e-06
4657,3,0.0,0.0,0.0,0.0,0.0,0.0,5.784760626411691e-06
4667,3,0.0,0.0,0.0,0.0,0.0,0.0,5.784760626411691e-06
4680,3,0.0,0.0,0.0,0.0,0.0,0.0,5.784760626411691e-06
4699,4,0.0,0.0,0.0,0.0,0.0,0.0,8.677115841735537e-06
4712,3,0.0,0.0,0.0,0.0,0.0,0.0,5.784760626411691e-06
4725,3,0.0,0.0,0.0,0.0,0.0,0.0,5.784760626411691e-06
4744,3,0.0,0.0,0.0,0.0,0.0,0.0,5.784760626411691e-06
4812,3,0.0,0.0,0.0,0.0,0.0,0.0,5.784760626411691e-06
4822,4,0.0,0.0,0.0,0.0,0.0,0.0,1.156945432513805e-05
4854,5,0.0,0.0,0.0,0.0,0.0,0.0,1.156945432513805e-05
4921,3,0.0,0.0,0.0,0.0,0.0,0.0,5.784760626411691e-06
4944,3,0.0,0.0,0.0,0.0,0.0,0.0,5.784760626411691e-06
4950,3,0.0,0.0,0.0,0.0,0.0,0.0,5.784760626411691e-06
5001,3,0.0,0.0,0.0,0.0,0.0,0.0,5.784760626411691e-06
5014,3,0.0,0.0,0.0,0.0,0.0,0.0,5.784760626411691e-06
5027,3,0.0,0.0,0.0,0.0,0.0,0.0,5.784760626411691e-06
5078,3,0.0,0.0,0.0,0.0,0.0,0.0,5.784760626411691e-06
5096,3,0.0,0.0,0.0,0.0,0.0,0.0,5.784760626411691e-06
5130,3,0.0,0.0,0.0,0.0,0.0,0.0,5.784760626411691e-06
5143,6,0.0,0.0,0.0,0.0,0.0,0.0,1.4461776076619226e-05
5168,3,0.0,0.0,0.0,0.0,0.0,0.0,5.784760626411691e-06
5188,3,0.0,0.0,0.0,0.0,0.0,0.0,5.784760626411691e-06
5198,6,0.0,0.0,0.0,0.0,0.0,0.0,1.4461776076619226e-05
5226,3,0.0,0.0,0.0,0.0,0.0,0.0,5.784760626411691e-06
5241,3,0.0,0.0,0.0,0.0,0.0,0.0,5.784760626411691e-06
5250,3,0.0,0.0,0.0,0.0,0.0,0.0,5.784760626411691e-06
5254,3,0.0,0.0,0.0,0.0,0.0,0.0,5.784760626411691e-06
5256,4,0.0,0.0,0.0,0.0,0.0,0.0,8.677115841735537e-06
5261,4,0.0,0.0,0.0,0.0,0.0,0.0,8.677115841735537e-06
5273,3,0.0,0.0,0.0,0.0,0.0,0.0,5.784760626411691e-06
5278,3,0.0,0.0,0.0,0.0,0.0,0.0,5.784760626411691e-06
5295,3,0.0,0.0,0.0,0.0,0.0,0.0,5.784760626411691e-06
5426,3,0.0,0.0,0.0,0.0,0.0,0.0,5.784760626411691e-06
5451,3,0.0,0.0,0.0,0.0,0.0,0.0,5.784760626411691e-06
5454,3,0.0,0.0,0.0,0.0,0.0,0.0,5.784760626411691e-06
5490,3,0.0,0.0,0.0,0.0,0.0,0.0,5.784760626411691e-06
5506,3,0.0,0.0,0.0,0.0,0.0,0.0,5.784760626411691e-06
5537,3,0.0,0.0,0.0,0.0,0.0,0.0,5.784760626411691e-06
5569,3,0.0,0.0,0.0,0.0,0.0,0.0,5.784760626411691e-06
5573,3,0.0,0.0,0.0,0.0,0.0,0.0,5.784760626411691e-06
5576,3,0.0,0.0,0.0,0.0,0.0,0.0,5.784760626411691e-06
5615,3,0.0,0.0,0.0,0.0,0.0,0.0,5.784760626411691e-06
5672,3,0.0,0.0,0.0,0.0,0.0,0.0,5.784760626411691e-06
5681,3,0.0,0.0,0.0,0.0,0.0,0.0,5.784760626411691e-06
5722,3,0.0,0.0,0.0,0.0,0.0,0.0,5.784760626411691e-06
5834,3,0.0,0.0,0.0,0.0,0.0,0.0,5.784760626411691e-06
5861,3,0.0,0.0,0.0,0.0,0.0,0.0,5.784760626411691e-06
5868,3,0.0,0.0,0.0,0.0,0.0,0.0,5.784760626411691e-06
5903,5,0.0,0.0,0.0,0.0,0.0,0.0,1.4461776076619226e-05
5914,5,0.0,0.0,0.0,0.0,0.0,0.0,1.156945432513805e-05
5916,3,0.0,0.0,0.0,0.0,0.0,0.0,5.784760626411691e-06
5963,3,0.0,0.0,0.0,0.0,0.0,0.0,5.784760626411691e-06
5990,3,0.0,0.0,0.0,0.0,0.0,0.0,5.784760626411691e-06
6025,3,0.0,0.0,0.0,0.0,0.0,0.0,5.784760626411691e-06
6148,4,0.0,0.0,0.0,0.0,0.0,0.0,8.677115841735537e-06
6196,3,0.0,0.0,0.0,0.0,0.0,0.0,5.784760626411691e-06
6207,3,0.0,0.0,0.0,0.0,0.0,0.0,5.784760626411691e-06
6228,3,0.0,0.0,0.0,0.0,0.0,0.0,8.677115841735537e-06
6250,3,0.0,0.0,0.0,0.0,0.0,0.0,5.784760626411691e-06
6318,3,0.0,0.0,0.0,0.0,0.0,0.0,5.784760626411691e-06
6328,3,0.0,0.0,0.0,0.0,0.0,0.0,5.784760626411691e-06
6368,3,0.0,0.0,0.0,0.0,0.0,0.0,5.784760626411691e-06
6435,3,0.0,0.0,0.0,0.0,0.0,0.0,5.784760626411691e-06
6440,5,0.0,0.0,0.0,0.0,0.0,0.0,1.156945432513805e-05
6466,5,0.0,0.0,0.0,0.0,0.0,0.0,1.156945432513805e-05
6490,3,0.0,0.0,0.0,0.0,0.0,0.0,5.784760626411691e-06
6503,3,0.0,0.0,0.0,0.0,0.0,0.0,5.784760626411691e-06
6550,3,0.0,0.0,0.0,0.0,0.0,0.0,5.784760626411691e-06
6570,4,0.0,0.0,0.0,0.0,0.0,0.0,8.677115841735537e-06
6597,3,0.0,0.0,0.0,0.0,0.0,0.0,5.784760626411691e-06
6632,4,0.0,0.0,0.0,0.0,0.0,0.0,8.677115841735537e-06
6662,3,0.0,0.0,0.0,0.0,0.0,0.0,5.784760626411691e-06
6671,3,0.0,0.0,0.0,0.0,0.0,0.0,5.784760626411691e-06
6682,3,0.0,0.0,0.0,0.0,0.0,0.0,5.784760626411691e-06
6689,3,0.0,0.0,0.0,0.0,0.0,0.0,5.784760626411691e-06
6728,3,0.0,0.0,0.0,0.0,0.0,0.0,5.784760626411691e-06
6744,5,0.0,0.0,0.0,0.0,0.0,0.0,1.156945432513805e-05
6772,3,0.0,0.0,0.0,0.0,0.0,0.0,5.784760626411691e-06
6776,3,0.0,0.0,0.0,0.0,0.0,0.0,5.784760626411691e-06
6794,3,0.0,0.0,0.0,0.0,0.0,0.0,5.784760626411691e-06
6798,3,0.0,0.0,0.0,0.0,0.0,0.0,5.784760626411691e-06
6886,3,0.0,0.0,0.0,0.0,0.0,0.0,5.784760626411691e-06
6895,3,0.0,0.0,0.0,0.0,0.0,0.0,5.784760626411691e-06
6935,3,0.0,0.0,0.0,0.0,0.0,0.0,5.784760626411691e-06
6945,3,0.0,0.0,0.0,0.0,0.0,0.0,5.784760626411691e-06
6969,3,0.0,0.0,0.0,0.0,0.0,0.0,5.784760626411691e-06
6994,3,0.0,0.0,0.0,0.0,0.0,0.0,5.784760626411691e-06
7050,3,0.0,0.0,0.0,0.0,0.0,0.0,5.784760626411691e-06
7103,3,0.0,0.0,0.0,0.0,0.0,0.0,5.784760626411691e-06
7117,3,0.0,0.0,0.0,0.0,0.0,0.0,5.784760626411691e-06
7177,3,0.0,0.0,0.0,0.0,0.0,0.0,5.784760626411691e-06
7199,3,0.0,0.0,0.0,0.0,0.0,0.0,5.784760626411691e-06
7201,4,0.0,0.0,0.0,0.0,0.0,0.0,8.677115841735537e-06
7277,3,0.0,0.0,0.0,0.0,0.0,0.0,5.784760626411691e-06
7285,3,0.0,0.0,0.0,0.0,0.0,0.0,5.784760626411691e-06
7320,3,0.0,0.0,0.0,0.0,0.0,0.0,5.784760626411691e-06
7387,3,0.0,0.0,0.0,0.0,0.0,0.0,5.784760626411691e-06
7420,4,0.0,0.0,0.0,0.0,0.0,0.0,8.677115841735537e-06
7431,3,0.0,0.0,0.0,0.0,0.0,0.0,5.784760626411691e-06
7525,4,0.0,0.0,0.0,0.0,0.0,0.0,8.677115841735537e-06
7547,3,0.0,0.0,0.0,0.0,0.0,0.0,5.784760626411691e-06
7558,4,0.0,0.0,0.0,0.0,0.0,0.0,8.677115841735537e-06
7682,3,0.0,0.0,0.0,0.0,0.0,0.0,5.784760626411691e-06
7730,3,0.0,0.0,0.0,0.0,0.0,0.0,5.784760626411691e-06
7768,3,0.0,0.0,0.0,0.0,0.0,0.0,5.784760626411691e-06
7787,3,0.0,0.0,0.0,0.0,0.0,0.0,8.677115841735537e-06
7829,3,0.0,0.0,0.0,0.0,0.0,0.0,5.784760626411691e-06
7832,3,0.0,0.0,0.0,0.0,0.0,0.0,5.784760626411691e-06
7872,3,0.0,0.0,0.0,0.0,0.0,0.0,5.784760626411691e-06
7877,4,0.0,0.0,0.0,0.0,0.0,0.0,8.677115841735537e-06
7878,3,0.0,0.0,0.0,0.0,0.0,0.0,5.784760626411691e-06
7881,3,0.0,0.0,0.0,0.0,0.0,0.0,5.784760626411691e-06
7974,3,0.0,0.0,0.0,0.0,0.0,0.0,5.784760626411691e-06
7979,4,0.0,0.0,0.0,0.0,0.0,0.0,8.677115841735537e-06
8075,3,0.0,0.0,0.0,0.0,0.0,0.0,5.784760626411691e-06
8144,3,0.0,0.0,0.0,0.0,0.0,0.0,5.784760626411691e-06
8186,3,0.0,0.0,0.0,0.0,0.0,0.0,5.784760626411691e-06
8199,3,0.0,0.0,0.0,0.0,0.0,0.0,5.784760626411691e-06
8206,3,0.0,0.0,0.0,0.0,0.0,0.0,5.784760626411691e-06
8261,6,0.0,0.0,0.0,0.0,0.0,0.0,1.4461776076619226e-05
8310,3,0.0,0.0,0.0,0.0,0.0,0.0,5.784760626411691e-06
8365,9,0.0,0.0,0.0,0.0,0.0,0.0,3.1815355215158306e-05
8387,3,0.0,0.0,0.0,0.0,0.0,0.0,5.784760626411691e-06
8393,3,0.0,0.0,0.0,0.0,0.0,0.0,5.784760626411691e-06
8406,3,0.0,0.0,0.0,0.0,0.0,0.0,5.784760626411691e-06
8414,3,0.0,0.0,0.0,0.0,0.0,0.0,5.784760626411691e-06
8442,3,0.0,0.0,0.0,0.0,0.0,0.0,5.784760626411691e-06
8466,8,0.0,0.0,0.0,0.0,0.0,0.0,2.892313385520512e-05
8486,3,0.0,0.0,0.0,0.0,0.0,0.0,5.784760626411691e-06
8588,3,0.0,0.0,0.0,0.0,0.0,0.0,5.784760626411691e-06
8598,3,0.0,0.0,0.0,0.0,0.0,0.0,5.784760626411691e-06
8607,7,0.0,0.0,0.0,0.0,0.0,0.0,2.0246369383817586e-05
8613,3,0.0,0.0,0.0,0.0,0.0,0.0,5.784760626411691e-06
8654,3,0.0,0.0,0.0,0.0,0.0,0.0,5.784760626411691e-06
8673,3,0.0,0.0,0.0,0.0,0.0,0.0,5.784760626411691e-06
8679,3,0.0,0.0,0.0,0.0,0.0,0.0,5.784760626411691e-06
8681,3,0.0,0.0,0.0,0.0,0.0,0.0,5.784760626411691e-06
8683,3,0.0,0.0,0.0,0.0,0.0,0.0,5.784760626411691e-06
8697,3,0.0,0.0,0.0,0.0,0.0,0.0,5.784760626411691e-06
8698,3,0.0,0.0,0.0,0.0,0.0,0.0,5.784760626411691e-06
8831,3,0.0,0.0,0.0,0.0,0.0,0.0,5.784760626411691e-06
8853,3,0.0,0.0,0.0,0.0,0.0,0.0,5.784760626411691e-06
8905,3,0.0,0.0,0.0,0.0,0.0,0.0,5.784760626411691e-06
9016,3,0.0,0.0,0.0,0.0,0.0,0.0,5.784760626411691e-06
9034,4,0.0,0.0,0.0,0.0,0.0,0.0,8.677115841735537e-06
9076,3,0.0,0.0,0.0,0.0,0.0,0.0,5.784760626411691e-06
9107,4,0.0,0.0,0.0,0.0,0.0,0.0,8.677115841735537e-06
9116,3,0.0,0.0,0.0,0.0,0.0,0.0,5.784760626411691e-06
9183,3,0.0,0.0,0.0,0.0,0.0,0.0,5.784760626411691e-06
9198,3,0.0,0.0,0.0,0.0,0.0,0.0,5.784760626411691e-06
9227,7,0.0,0.0,0.0,0.0,0.0,0.0,1.735408109617907e-05
9231,3,0.0,0.0,0.0,0.0,0.0,0.0,5.784760626411691e-06
9239,6,0.0,0.0,0.0,0.0,0.0,0.0,1.4461776076619226e-05
9256,3,0.0,0.0,0.0,0.0,0.0,0.0,5.784760626411691e-06
9296,3,0.0,0.0,0.0,0.0,0.0,0.0,5.784760626411691e-06
9300,3,0.0,0.0,0.0,0.0,0.0,0.0,5.784760626411691e-06
9333,3,0.0,0.0,0.0,0.0,0.0,0.0,5.784760626411691e-06
9358,3,0.0,0.0,0.0,0.0,0.0,0.0,5.784760626411691e-06
9369,3,0.0,0.0,0.0,0.0,0.0,0.0,5.784760626411691e-06
9371,3,0.0,0.0,0.0,0.0,0.0,0.0,5.784760626411691e-06
9382,3,0.0,0.0,0.0,0.0,0.0,0.0,5.784760626411691e-06
9460,3,0.0,0.0,0.0,0.0,0.0,0.0,5.784760626411691e-06
9483,4,0.0,0.0,0.0,0.0,0.0,0.0,8.677115841735537e-06
9507,3,0.0,0.0,0.0,0.0,0.0,0.0,5.784760626411691e-06
9560,6,0.0,0.0,0.0,0.0,0.0,0.0,1.4461776076619226e-05
9571,3,0.0,0.0,0.0,0.0,0.0,0.0,5.784760626411691e-06
9583,4,0.0,0.0,0.0,0.0,0.0,0.0,8.677115841735537e-06
9652,3,0.0,0.0,0.0,0.0,0.0,0.0,5.784760626411691e-06
9675,3,0.0,0.0,0.0,0.0,0.0,0.0,5.784760626411691e-06
9677,3,0.0,0.0,0.0,0.0,0.0,0.0,5.784760626411691e-06
9682,3,0.0,0.0,0.0,0.0,0.0,0.0,5.784760626411691e-06
9700,3,0.0,0.0,0.0,0.0,0.0,0.0,5.784760626411691e-06
9758,3,0.0,0.0,0.0,0.0,0.0,0.0,5.784760626411691e-06
9761,4,0.0,0.0,0.0,0.0,0.0,0.0,8.677115841735537e-06
9790,3,0.0,0.0,0.0,0.0,0.0,0.0,5.784760626411691e-06
9798,3,0.0,0.0,0.0,0.0,0.0,0.0,5.784760626411691e-06
9838,3,0.0,0.0,0.0,0.0,0.0,0.0,5.784760626411691e-06
9855,4,0.0,0.0,0.0,0.0,0.0,0.0,8.677115841735537e-06
9858,3,0.0,0.0,0.0,0.0,0.0,0.0,5.784760626411691e-06
9874,3,0.0,0.0,0.0,0.0,0.0,0.0,5.784760626411691e-06
9897,3,0.0,0.0,0.0,0.0,0.0,0.0,5.784760626411691e-06
9906,3,0.0,0.0,0.0,0.0,0.0,0.0,5.784760626411691e-06
9951,3,0.0,0.0,0.0,0.0,0.0,0.0,5.784760626411691e-06
9958,3,0.0,0.0,0.0,0.0,0.0,0.0,5.784760626411691e-06
9959,5,0.0,0.0,0.0,0.0,0.0,0.0,1.156945432513805e-05
9972,3,0.0,0.0,0.0,0.0,0.0,0.0,5.784760626411691e-06
10021,3,0.0,0.0,0.0,0.0,0.0,0.0,5.784760626411691e-06
10024,3,0.0,0.0,0.0,0.0,0.0,0.0,5.784760626411691e-06
10032,3,0.0,0.0,0.0,0.0,0.0,0.0,5.784760626411691e-06
10122,3,0.0,0.0,0.0,0.0,0.0,0.0,5.784760626411691e-06
10144,3,0.0,0.0,0.0,0.0,0.0,0.0,5.784760626411691e-06
10177,3,0.0,0.0,0.0,0.0,0.0,0.0,5.784760626411691e-06
10178,4,0.0,0.0,0.0,0.0,0.0,0.0,8.677115841735537e-06
10190,3,0.0,0.0,0.0,0.0,0.0,0.0,5.784760626411691e-06
10264,3,0.0,0.0,0.0,0.0,0.0,0.0,5.784760626411691e-06
10347,5,0.0,0.0,0.0,0.0,0.0,0.0,1.735408109617907e-05
10395,6,0.0,0.0,0.0,0.0,0.0,0.0,1.4461776076619226e-05
10468,5,0.0,0.0,0.0,0.0,0.0,0.0,1.156945432513805e-05
10498,4,0.0,0.0,0.0,0.0,0.0,0.0,8.677115841735537e-06
10596,3,0.0,0.0,0.0,0.0,0.0,0.0,5.784760626411691e-06
10598,3,0.0,0.0,0.0,0.0,0.0,0.0,5.784760626411691e-06
10608,3,0.0,0.0,0.0,0.0,0.0,0.0,5.784760626411691e-06
10632,3,0.0,0.0,0.0,0.0,0.0,0.0,5.784760626411691e-06
10640,3,0.0,0.0,0.0,0.0,0.0,0.0,5.784760626411691e-06
10652,3,0.0,0.0,0.0,0.0,0.0,0.0,5.784760626411691e-06
10678,3,0.0,0.0,0.0,0.0,0.0,0.0,5.784760626411691e-06
10707,3,0.0,0.0,0.0,0.0,0.0,0.0,5.784760626411691e-06
10753,5,0.0,0.0,0.0,0.0,0.0,0.0,1.4461776076619226e-05
10781,3,0.0,0.0,0.0,0.0,0.0,0.0,5.784760626411691e-06
10782,4,0.0,0.0,0.0,0.0,0.0,0.0,8.677115841735537e-06
10793,3,0.0,0.0,0.0,0.0,0.0,0.0,5.784760626411691e-06
10802,3,0.0,0.0,0.0,0.0,0.0,0.0,5.784760626411691e-06
10812,3,0.0,0.0,0.0,0.0,0.0,0.0,5.784760626411691e-06
10877,4,0.0,0.0,0.0,0.0,0.0,0.0,8.677115841735537e-06
10880,3,0.0,0.0,0.0,0.0,0.0,0.0,5.784760626411691e-06
10898,3,0.0,0.0,0.0,0.0,0.0,0.0,5.784760626411691e-06
10906,3,0.0,0.0,0.0,0.0,0.0,0.0,5.784760626411691e-06
10933,3,0.0,0.0,0.0,0.0,0.0,0.0,5.784760626411691e-06
10943,3,0.0,0.0,0.0,0.0,0.0,0.0,5.784760626411691e-06
10962,3,0.0,0.0,0.0,0.0,0.0,0.0,5.784760626411691e-06
10973,3,0.0,0.0,0.0,0.0,0.0,0.0,5.784760626411691e-06
10990,3,0.0,0.0,0.0,0.0,0.0,0.0,5.784760626411691e-06
10992,3,0.0,0.0,0.0,0.0,0.0,0.0,5.784760626411691e-06
11012,3,0.0,0.0,0.0,0.0,0.0,0.0,5.784760626411691e-06
11024,3,0.0,0.0,0.0,0.0,0.0,0.0,5.784760626411691e-06
11052,3,0.0,0.0,0.0,0.0,0.0,0.0,5.784760626411691e-06
11054,3,0.0,0.0,0.0,0.0,0.0,0.0,5.784760626411691e-06
11074,3,0.0,0.0,0.0,0.0,0.0,0.0,5.784760626411691e-06
11120,3,0.0,0.0,0.0,0.0,0.0,0.0,5.784760626411691e-06
11164,3,0.0,0.0,0.0,0.0,0.0,0.0,5.784760626411691e-06
11165,8,0.0,0.0,0.0,0.0,0.0,0.0,2.0246369383817586e-05
11169,3,0.0,0.0,0.0,0.0,0.0,0.0,5.784760626411691e-06
11184,3,0.0,0.0,0.0,0.0,0.0,0.0,5.784760626411691e-06
11192,4,0.0,0.0,0.0,0.0,0.0,0.0,8.677115841735537e-06
11193,3,0.0,0.0,0.0,0.0,0.0,0.0,5.784760626411691e-06
11196,3,0.0,0.0,0.0,0.0,0.0,0.0,5.784760626411691e-06
11203,3,0.0,0.0,0.0,0.0,0.0,0.0,5.784760626411691e-06
11228,4,0.0,0.0,0.0,0.0,0.0,0.0,8.677115841735537e-06
11299,5,0.0,0.0,0.0,0.0,0.0,0.0,1.156945432513805e-05
11309,3,0.0,0.0,0.0,0.0,0.0,0.0,5.784760626411691e-06
11311,6,0.0,0.0,0.0,0.0,0.0,0.0,1.4461776076619226e-05
11372,3,0.0,0.0,0.0,0.0,0.0,0.0,5.784760626411691e-06
11382,3,0.0,0.0,0.0,0.0,0.0,0.0,5.784760626411691e-06
11385,3,0.0,0.0,0.0,0.0,0.0,0.0,5.784760626411691e-06
11401,3,0.0,0.0,0.0,0.0,0.0,0.0,5.784760626411691e-06
11406,3,0.0,0.0,0.0,0.0,0.0,0.0,5.784760626411691e-06
11413,3,0.0,0.0,0.0,0.0,0.0,0.0,5.784760626411691e-06
11420,3,0.0,0.0,0.0,0.0,0.0,0.0,5.784760626411691e-06
11458,4,0.0,0.0,0.0,0.0,0.0,0.0,8.677115841735537e-06
11483,3,0.0,0.0,0.0,0.0,0.0,0.0,5.784760626411691e-06
11513,3,0.0,0.0,0.0,0.0,0.0,0.0,5.784760626411691e-06
11615,3,0.0,0.0,0.0,0.0,0.0,0.0,5.784760626411691e-06
11642,3,0.0,0.0,0.0,0.0,0.0,0.0,5.784760626411691e-06
11672,3,0.0,0.0,0.0,0.0,0.0,0.0,5.784760626411691e-06
11717,3,0.0,0.0,0.0,0.0,0.0,0.0,5.784760626411691e-06
11748,3,0.0,0.0,0.0,0.0,0.0,0.0,5.784760626411691e-06
11761,3,0.0,0.0,0.0,0.0,0.0,0.0,5.784760626411691e-06
11793,3,0.0,0.0,0.0,0.0,0.0,0.0,5.784760626411691e-06
11807,3,0.0,0.0,0.0,0.0,0.0,0.0,5.784760626411691e-06
11808,3,0.0,0.0,0.0,0.0,0.0,0.0,5.784760626411691e-06
11833,4,0.0,0.0,0.0,0.0,0.0,0.0,8.677115841735537e-06
11857,3,0.0,0.0,0.0,0.0,0.0,0.0,5.784760626411691e-06
11911,4,0.0,0.0,0.0,0.0,0.0,0.0,1.156945432513805e-05
11958,3,0.0,0.0,0.0,0.0,0.0,0.0,5.784760626411691e-06
11966,3,0.0,0.0,0.0,0.0,0.0,0.0,5.784760626411691e-06
11993,4,0.0,0.0,0.0,0.0,0.0,0.0,1.156945432513805e-05
11996,3,0.0,0.0,0.0,0.0,0.0,0.0,5.784760626411691e-06
12022,3,0.0,0.0,0.0,0.0,0.0,0.0,5.784760626411691e-06
12032,3,0.0,0.0,0.0,0.0,0.0,0.0,5.784760626411691e-06
12104,3,0.0,0.0,0.0,0.0,0.0,0.0,5.784760626411691e-06
12121,3,0.0,0.0,0.0,0.0,0.0,0.0,5.784760626411691e-06
12148,3,0.0,0.0,0.0,0.0,0.0,0.0,5.784760626411691e-06
12163,3,0.0,0.0,0.0,0.0,0.0,0.0,5.784760626411691e-06
12169,3,0.0,0.0,0.0,0.0,0.0,0.0,5.784760626411691e-06
12173,8,0.0,0.0,0.0,0.0,0.0,0.0,2.0246369383817586e-05
12242,3,0.0,0.0,0.0,0.0,0.0,0.0,5.784760626411691e-06
12289,3,0.0,0.0,0.0,0.0,0.0,0.0,5.784760626411691e-06
12309,3,0.0,0.0,0.0,0.0,0.0,0.0,5.784760626411691e-06
12313,3,0.0,0.0,0.0,0.0,0.0,0.0,5.784760626411691e-06
12377,3,0.0,0.0,0.0,0.0,0.0,0.0,5.784760626411691e-06
12417,3,0.0,0.0,0.0,0.0,0.0,0.0,5.784760626411691e-06
12432,3,0.0,0.0,0.0,0.0,0.0,0.0,5.784760626411691e-06
12464,3,0.0,0.0,0.0,0.0,0.0,0.0,5.784760626411691e-06
12477,3,0.0,0.0,0.0,0.0,0.0,0.0,5.784760626411691e-06
12577,3,0.0,0.0,0.0,0.0,0.0,0.0,5.784760626411691e-06
12631,5,0.0,0.0,0.0,0.0,0.0,0.0,1.156945432513805e-05
12644,3,0.0,0.0,0.0,0.0,0.0,0.0,5.784760626411691e-06
12662,3,0.0,0.0,0.0,0.0,0.0,0.0,5.784760626411691e-06
12733,3,0.0,0.0,0.0,0.0,0.0,0.0,5.784760626411691e-06
12753,3,0.0,0.0,0.0,0.0,0.0,0.0,5.784760626411691e-06
12773,3,0.0,0.0,0.0,0.0,0.0,0.0,5.784760626411691e-06
12802,4,0.0,0.0,0.0,0.0,0.0,0.0,8.677115841735537e-06
12863,3,0.0,0.0,0.0,0.0,0.0,0.0,5.784760626411691e-06
12875,3,0.0,0.0,0.0,0.0,0.0,0.0,5.784760626411691e-06
12900,3,0.0,0.0,0.0,0.0,0.0,0.0,5.784760626411691e-06
12904,4,0.0,0.0,0.0,0.0,0.0,0.0,8.677115841735537e-06
12943,4,0.0,0.0,0.0,0.0,0.0,0.0,8.677115841735537e-06
12946,3,0.0,0.0,0.0,0.0,0.0,0.0,5.784760626411691e-06
12970,3,0.0,0.0,0.0,0.0,0.0,0.0,5.784760626411691e-06
12974,5,0.0,0.0,0.0,0.0,0.0,0.0,1.156945432513805e-05
12989,3,0.0,0.0,0.0,0.0,0.0,0.0,5.784760626411691e-06
13014,3,0.0,0.0,0.0,0.0,0.0,0.0,5.784760626411691e-06
13018,3,0.0,0.0,0.0,0.0,0.0,0.0,5.784760626411691e-06
13058,3,0.0,0.0,0.0,0.0,0.0,0.0,5.784760626411691e-06
13060,3,0.0,0.0,0.0,0.0,0.0,0.0,5.784760626411691e-06
13100,3,0.0,0.0,0.0,0.0,0.0,0.0,5.784760626411691e-06
13136,4,0.0,0.0,0.0,0.0,0.0,0.0,8.677115841735537e-06
13142,3,0.0,0.0,0.0,0.0,0.0,0.0,5.784760626411691e-06
13143,3,0.0,0.0,0.0,0.0,0.0,0.0,5.784760626411691e-06
13220,3,0.0,0.0,0.0,0.0,0.0,0.0,5.784760626411691e-06
13239,4,0.0,0.0,0.0,0.0,0.0,0.0,8.677115841735537e-06
13280,3,0.0,0.0,0.0,0.0,0.0,0.0,5.784760626411691e-06
13290,4,0.0,0.0,0.0,0.0,0.0,0.0,8.677115841735537e-06
13316,3,0.0,0.0,0.0,0.0,0.0,0.0,5.784760626411691e-06
13320,3,0.0,0.0,0.0,0.0,0.0,0.0,5.784760626411691e-06
13334,3,0.0,0.0,0.0,0.0,0.0,0.0,5.784760626411691e-06
13340,3,0.0,0.0,0.0,0.0,0.0,0.0,5.784760626411691e-06
13343,3,0.0,0.0,0.0,0.0,0.0,0.0,5.784760626411691e-06
13372,3,0.0,0.0,0.0,0.0,0.0,0.0,5.784760626411691e-06
13396,3,0.0,0.0,0.0,0.0,0.0,0.0,5.784760626411691e-06
13418,4,0.0,0.0,0.0,0.0,0.0,0.0,8.677115841735537e-06
13420,3,0.0,0.0,0.0,0.0,0.0,0.0,5.784760626411691e-06
13431,5,0.0,0.0,0.0,0.0,0.0,0.0,1.156945432513805e-05
13438,3,0.0,0.0,0.0,0.0,0.0,0.0,5.784760626411691e-06
13465,4,0.0,0.0,0.0,0.0,0.0,0.0,8.677115841735537e-06
13487,3,0.0,0.0,0.0,0.0,0.0,0.0,5.784760626411691e-06
13520,3,0.0,0.0,0.0,0.0,0.0,0.0,5.784760626411691e-06
13565,3,0.0,0.0,0.0,0.0,0.0,0.0,5.784760626411691e-06
13566,3,0.0,0.0,0.0,0.0,0.0,0.0,5.784760626411691e-06
13612,3,0.0,0.0,0.0,0.0,0.0,0.0,5.784760626411691e-06
13643,3,0.0,0.0,0.0,0.0,0.0,0.0,5.784760626411691e-06
13661,3,0.0,0.0,0.0,0.0,0.0,0.0,5.784760626411691e-06
13669,3,0.0,0.0,0.0,0.0,0.0,0.0,5.784760626411691e-06
13696,3,0.0,0.0,0.0,0.0,0.0,0.0,5.784760626411691e-06
13736,3,0.0,0.0,0.0,0.0,0.0,0.0,5.784760626411691e-06
13755,3,0.0,0.0,0.0,0.0,0.0,0.0,5.784760626411691e-06
13769,4,0.0,0.0,0.0,0.0,0.0,0.0,8.677115841735537e-06
13776,3,0.0,0.0,0.0,0.0,0.0,0.0,5.784760626411691e-06
13779,7,0.0,0.0,0.0,0.0,0.0,0.0,2.603089576333061e-05
13818,9,0.0,0.0,0.0,0.0,0.0,0.0,2.3138640939534764e-05
13855,3,0.0,0.0,0.0,0.0,0.0,0.0,5.784760626411691e-06
13915,3,0.0,0.0,0.0,0.0,0.0,0.0,5.784760626411691e-06
13926,3,0.0,0.0,0.0,0.0,0.0,0.0,5.784760626411691e-06
13958,3,0.0,0.0,0.0,0.0,0.0,0.0,5.784760626411691e-06
13967,3,0.0,0.0,0.0,0.0,0.0,0.0,5.784760626411691e-06
13976,3,0.0,0.0,0.0,0.0,0.0,0.0,5.784760626411691e-06
14026,3,0.0,0.0,0.0,0.0,0.0,0.0,5.784760626411691e-06
14027,3,0.0,0.0,0.0,0.0,0.0,0.0,5.784760626411691e-06
14040,3,0.0,0.0,0.0,0.0,0.0,0.0,5.784760626411691e-06
14045,3,0.0,0.0,0.0,0.0,0.0,0.0,5.784760626411691e-06
14076,3,0.0,0.0,0.0,0.0,0.0,0.0,5.784760626411691e-06
14120,3,0.0,0.0,0.0,0.0,0.0,0.0,5.784760626411691e-06
14179,3,0.0,0.0,0.0,0.0,0.0,0.0,5.784760626411691e-06
14193,3,0.0,0.0,0.0,0.0,0.0,0.0,5.784760626411691e-06
14197,5,0.0,0.0,0.0,0.0,0.0,0.0,1.156945432513805e-05
14239,3,0.0,0.0,0.0,0.0,0.0,0.0,5.784760626411691e-06
14252,3,0.0,0.0,0.0,0.0,0.0,0.0,5.784760626411691e-06
14280,3,0.0,0.0,0.0,0.0,0.0,0.0,5.784760626411691e-06
14349,8,0.0,0.0,0.0,0.0,0.0,0.0,2.0246369383817586e-05
14359,3,0.0,0.0,0.0,0.0,0.0,0.0,5.784760626411691e-06
14377,6,0.0,0.0,0.0,0.0,0.0,0.0,1.4461776076619226e-05
14401,3,0.0,0.0,0.0,0.0,0.0,0.0,5.784760626411691e-06
14402,3,0.0,0.0,0.0,0.0,0.0,0.0,5.784760626411691e-06
14414,3,0.0,0.0,0.0,0.0,0.0,0.0,5.784760626411691e-06
14430,4,0.0,0.0,0.0,0.0,0.0,0.0,8.677115841735537e-06
14454,3,0.0,0.0,0.0,0.0,0.0,0.0,5.784760626411691e-06
14458,4,0.0,0.0,0.0,0.0,0.0,0.0,8.677115841735537e-06
14488,4,0.0,0.0,0.0,0.0,0.0,0.0,8.677115841735537e-06
14498,4,0.0,0.0,0.0,0.0,0.0,0.0,8.677115841735537e-06
14514,3,0.0,0.0,0.0,0.0,0.0,0.0,5.784760626411691e-06
14533,3,0.0,0.0,0.0,0.0,0.0,0.0,5.784760626411691e-06
14600,4,0.0,0.0,0.0,0.0,0.0,0.0,8.677115841735537e-06
14617,4,0.0,0.0,0.0,0.0,0.0,0.0,8.677115841735537e-06
14627,4,0.0,0.0,0.0,0.0,0.0,0.0,8.677115841735537e-06
14630,3,0.0,0.0,0.0,0.0,0.0,0.0,5.784760626411691e-06
14643,4,0.0,0.0,0.0,0.0,0.0,0.0,8.677115841735537e-06
14663,3,0.0,0.0,0.0,0.0,0.0,0.0,5.784760626411691e-06
14664,3,0.0,0.0,0.0,0.0,0.0,0.0,5.784760626411691e-06
14685,3,0.0,0.0,0.0,0.0,0.0,0.0,5.784760626411691e-06
14730,4,0.0,0.0,0.0,0.0,0.0,0.0,8.677115841735537e-06
14734,3,0.0,0.0,0.0,0.0,0.0,0.0,5.784760626411691e-06
14764,3,0.0,0.0,0.0,0.0,0.0,0.0,5.784760626411691e-06
14820,3,0.0,0.0,0.0,0.0,0.0,0.0,5.784760626411691e-06
14854,3,0.0,0.0,0.0,0.0,0.0,0.0,5.784760626411691e-06
14880,3,0.0,0.0,0.0,0.0,0.0,0.0,5.784760626411691e-06
14887,5,0.0,0.0,0.0,0.0,0.0,0.0,1.156945432513805e-05
14894,3,0.0,0.0,0.0,0.0,0.0,0.0,5.784760626411691e-06
14953,3,0.0,0.0,0.0,0.0,0.0,0.0,5.784760626411691e-06
15017,3,0.0,0.0,0.0,0.0,0.0,0.0,5.784760626411691e-06
15028,3,0.0,0.0,0.0,0.0,0.0,0.0,5.784760626411691e-06
15037,3,0.0,0.0,0.0,0.0,0.0,0.0,5.784760626411691e-06
15163,3,0.0,0.0,0.0,0.0,0.0,0.0,5.784760626411691e-06
15176,3,0.0,0.0,0.0,0.0,0.0,0.0,5.784760626411691e-06
15221,5,0.0,0.0,0.0,0.0,0.0,0.0,1.156945432513805e-05
15229,3,0.0,0.0,0.0,0.0,0.0,0.0,5.784760626411691e-06
15245,3,0.0,0.0,0.0,0.0,0.0,0.0,5.784760626411691e-06
15291,4,0.0,0.0,0.0,0.0,0.0,0.0,8.677115841735537e-06
15316,3,0.0,0.0,0.0,0.0,0.0,0.0,5.784760626411691e-06
15317,3,0.0,0.0,0.0,0.0,0.0,0.0,5.784760626411691e-06
15398,3,0.0,0.0,0.0,0.0,0.0,0.0,5.784760626411691e-06
15407,3,0.0,0.0,0.0,0.0,0.0,0.0,5.784760626411691e-06
15417,7,0.0,0.0,0.0,0.0,0.0,0.0,1.735408109617907e-05
15421,5,0.0,0.0,0.0,0.0,0.0,0.0,1.156945432513805e-05
15426,3,0.0,0.0,0.0,0.0,0.0,0.0,5.784760626411691e-06
15441,4,0.0,0.0,0.0,0.0,0.0,0.0,8.677115841735537e-06
15448,6,0.0,0.0,0.0,0.0,0.0,0.0,1.735408109617907e-05
15458,4,0.0,0.0,0.0,0.0,0.0,0.0,8.677115841735537e-06
15470,3,0.0,0.0,0.0,0.0,0.0,0.0,5.784760626411691e-06
15553,3,0.0,0.0,0.0,0.0,0.0,0.0,5.784760626411691e-06
15576,3,0.0,0.0,0.0,0.0,0.0,0.0,5.784760626411691e-06
15648,3,0.0,0.0,0.0,0.0,0.0,0.0,5.784760626411691e-06
15653,3,0.0,0.0,0.0,0.0,0.0,0.0,5.784760626411691e-06
15662,5,0.0,0.0,0.0,0.0,0.0,0.0,1.156945432513805e-05
15686,3,0.0,0.0,0.0,0.0,0.0,0.0,5.784760626411691e-06
15716,3,0.0,0.0,0.0,0.0,0.0,0.0,5.784760626411691e-06
15735,3,0.0,0.0,0.0,0.0,0.0,0.0,5.784760626411691e-06
15737,4,0.0,0.0,0.0,0.0,0.0,0.0,8.677115841735537e-06
15785,3,0.0,0.0,0.0,0.0,0.0,0.0,5.784760626411691e-06
15804,3,0.0,0.0,0.0,0.0,0.0,0.0,5.784760626411691e-06
15854,3,0.0,0.0,0.0,0.0,0.0,0.0,5.784760626411691e-06
15949,3,0.0,0.0,0.0,0.0,0.0,0.0,5.784760626411691e-06
15956,3,0.0,0.0,0.0,0.0,0.0,0.0,5.784760626411691e-06
15970,3,0.0,0.0,0.0,0.0,0.0,0.0,5.784760626411691e-06
15986,7,0.0,0.0,0.0,0.0,0.0,0.0,1.735408109617907e-05
16000,3,0.0,0.0,0.0,0.0,0.0,0.0,5.784760626411691e-06
16018,3,0.0,0.0,0.0,0.0,0.0,0.0,5.784760626411691e-06
16049,3,0.0,0.0,0.0,0.0,0.0,0.0,5.784760626411691e-06
16124,3,0.0,0.0,0.0,0.0,0.0,0.0,5.784760626411691e-06
16130,3,0.0,0.0,0.0,0.0,0.0,0.0,5.784760626411691e-06
16139,3,0.0,0.0,0.0,0.0,0.0,0.0,5.784760626411691e-06
16148,3,0.0,0.0,0.0,0.0,0.0,0.0,5.784760626411691e-06
16154,3,0.0,0.0,0.0,0.0,0.0,0.0,5.784760626411691e-06
16164,3,0.0,0.0,0.0,0.0,0.0,0.0,5.784760626411691e-06
16176,3,0.0,0.0,0.0,0.0,0.0,0.0,5.784760626411691e-06
16198,3,0.0,0.0,0.0,0.0,0.0,0.0,5.784760626411691e-06
16199,5,0.0,0.0,0.0,0.0,0.0,0.0,1.156945432513805e-05
16204,4,0.0,0.0,0.0,0.0,0.0,0.0,8.677115841735537e-06
16239,3,0.0,0.0,0.0,0.0,0.0,0.0,5.784760626411691e-06
16261,3,0.0,0.0,0.0,0.0,0.0,0.0,5.784760626411691e-06
16268,3,0.0,0.0,0.0,0.0,0.0,0.0,5.784760626411691e-06
16278,3,0.0,0.0,0.0,0.0,0.0,0.0,5.784760626411691e-06
16336,3,0.0,0.0,0.0,0.0,0.0,0.0,5.784760626411691e-06
16347,3,0.0,0.0,0.0,0.0,0.0,0.0,5.784760626411691e-06
16363,3,0.0,0.0,0.0,0.0,0.0,0.0,5.784760626411691e-06
16371,3,0.0,0.0,0.0,0.0,0.0,0.0,5.784760626411691e-06
16420,3,0.0,0.0,0.0,0.0,0.0,0.0,5.784760626411691e-06
16435,3,0.0,0.0,0.0,0.0,0.0,0.0,5.784760626411691e-06
16455,5,0.0,0.0,0.0,0.0,0.0,0.0,1.156945432513805e-05
16457,12,0.0,0.0,0.0,0.0,0.0,0.0,4.0491918903489835e-05
16480,4,0.0,0.0,0.0,0.0,0.0,0.0,8.677115841735537e-06
16544,3,0.0,0.0,0.0,0.0,0.0,0.0,5.784760626411691e-06
16553,3,0.0,0.0,0.0,0.0,0.0,0.0,5.784760626411691e-06
16575,3,0.0,0.0,0.0,0.0,0.0,0.0,5.784760626411691e-06
16596,3,0.0,0.0,0.0,0.0,0.0,0.0,5.784760626411691e-06
16637,4,0.0,0.0,0.0,0.0,0.0,0.0,8.677115841735537e-06
16671,3,0.0,0.0,0.0,0.0,0.0,0.0,5.784760626411691e-06
16688,3,0.0,0.0,0.0,0.0,0.0,0.0,5.784760626411691e-06
16689,3,0.0,0.0,0.0,0.0,0.0,0.0,5.784760626411691e-06
16714,3,0.0,0.0,0.0,0.0,0.0,0.0,5.784760626411691e-06
16722,3,0.0,0.0,0.0,0.0,0.0,0.0,5.784760626411691e-06
16805,4,0.0,0.0,0.0,0.0,0.0,0.0,8.677115841735537e-06
16811,4,0.0,0.0,0.0,0.0,0.0,0.0,8.677115841735537e-06
16844,4,0.0,0.0,0.0,0.0,0.0,0.0,8.677115841735537e-06
16933,3,0.0,0.0,0.0,0.0,0.0,0.0,5.784760626411691e-06
16936,3,0.0,0.0,0.0,0.0,0.0,0.0,5.784760626411691e-06
17005,3,0.0,0.0,0.0,0.0,0.0,0.0,5.784760626411691e-06
17044,3,0.0,0.0,0.0,0.0,0.0,0.0,5.784760626411691e-06
17092,3,0.0,0.0,0.0,0.0,0.0,0.0,5.784760626411691e-06
17098,3,0.0,0.0,0.0,0.0,0.0,0.0,5.784760626411691e-06
17107,4,0.0,0.0,0.0,0.0,0.0,0.0,8.677115841735537e-06
17119,3,0.0,0.0,0.0,0.0,0.0,0.0,5.784760626411691e-06
17154,3,0.0,0.0,0.0,0.0,0.0,0.0,5.784760626411691e-06
17179,3,0.0,0.0,0.0,0.0,0.0,0.0,5.784760626411691e-06
17183,3,0.0,0.0,0.0,0.0,0.0,0.0,5.784760626411691e-06
17234,3,0.0,0.0,0.0,0.0,0.0,0.0,5.784760626411691e-06
17260,5,0.0,0.0,0.0,0.0,0.0,0.0,1.156945432513805e-05
17261,3,0.0,0.0,0.0,0.0,0.0,0.0,5.784760626411691e-06
17289,3,0.0,0.0,0.0,0.0,0.0,0.0,5.784760626411691e-06
17303,3,0.0,0.0,0.0,0.0,0.0,0.0,5.784760626411691e-06
17327,5,0.0,0.0,0.0,0.0,0.0,0.0,1.156945432513805e-05
17338,3,0.0,0.0,0.0,0.0,0.0,0.0,5.784760626411691e-06
17341,3,0.0,0.0,0.0,0.0,0.0,0.0,5.784760626411691e-06
17356,3,0.0,0.0,0.0,0.0,0.0,0.0,5.784760626411691e-06
17360,3,0.0,0.0,0.0,0.0,0.0,0.0,5.784760626411691e-06
17361,3,0.0,0.0,0.0,0.0,0.0,0.0,5.784760626411691e-06
17364,3,0.0,0.0,0.0,0.0,0.0,0.0,5.784760626411691e-06
17440,3,0.0,0.0,0.0,0.0,0.0,0.0,5.784760626411691e-06
17445,3,0.0,0.0,0.0,0.0,0.0,0.0,5.784760626411691e-06
17451,4,0.0,0.0,0.0,0.0,0.0,0.0,8.677115841735537e-06
17468,3,0.0,0.0,0.0,0.0,0.0,0.0,5.784760626411691e-06
17491,3,0.0,0.0,0.0,0.0,0.0,0.0,5.784760626411691e-06
17501,3,0.0,0.0,0.0,0.0,0.0,0.0,5.784760626411691e-06
17506,3,0.0,0.0,0.0,0.0,0.0,0.0,5.784760626411691e-06
17544,3,0.0,0.0,0.0,0.0,0.0,0.0,5.784760626411691e-06
17563,3,0.0,0.0,0.0,0.0,0.0,0.0,5.784760626411691e-06
17568,3,0.0,0.0,0.0,0.0,0.0,0.0,5.784760626411691e-06
17586,3,0.0,0.0,0.0,0.0,0.0,0.0,5.784760626411691e-06
17647,3,0.0,0.0,0.0,0.0,0.0,0.0,5.784760626411691e-06
17668,3,0.0,0.0,0.0,0.0,0.0,0.0,5.784760626411691e-06
17732,3,0.0,0.0,0.0,0.0,0.0,0.0,5.784760626411691e-06
17740,3,0.0,0.0,0.0,0.0,0.0,0.0,5.784760626411691e-06
17743,3,0.0,0.0,0.0,0.0,0.0,0.0,5.784760626411691e-06
17839,3,0.0,0.0,0.0,0.0,0.0,0.0,5.784760626411691e-06
17855,3,0.0,0.0,0.0,0.0,0.0,0.0,5.784760626411691e-06
17879,3,0.0,0.0,0.0,0.0,0.0,0.0,5.784760626411691e-06
17930,4,0.0,0.0,0.0,0.0,0.0,0.0,1.156945432513805e-05
17957,4,0.0,0.0,0.0,0.0,0.0,0.0,8.677115841735537e-06
17963,3,0.0,0.0,0.0,0.0,0.0,0.0,5.784760626411691e-06
17969,3,0.0,0.0,0.0,0.0,0.0,0.0,5.784760626411691e-06
17981,3,0.0,0.0,0.0,0.0,0.0,0.0,5.784760626411691e-06
18007,3,0.0,0.0,0.0,0.0,0.0,0.0,5.784760626411691e-06
18018,3,0.0,0.0,0.0,0.0,0.0,0.0,5.784760626411691e-06
18033,3,0.0,0.0,0.0,0.0,0.0,0.0,5.784760626411691e-06
18072,3,0.0,0.0,0.0,0.0,0.0,0.0,5.784760626411691e-06
18182,3,0.0,0.0,0.0,0.0,0.0,0.0,5.784760626411691e-06
18193,4,0.0,0.0,0.0,0.0,0.0,0.0,1.156945432513805e-05
18223,3,0.0,0.0,0.0,0.0,0.0,0.0,5.784760626411691e-06
18236,3,0.0,0.0,0.0,0.0,0.0,0.0,5.784760626411691e-06
18238,3,0.0,0.0,0.0,0.0,0.0,0.0,5.784760626411691e-06
18262,3,0.0,0.0,0.0,0.0,0.0,0.0,5.784760626411691e-06
18265,3,0.0,0.0,0.0,0.0,0.0,0.0,5.784760626411691e-06
18280,3,0.0,0.0,0.0,0.0,0.0,0.0,5.784760626411691e-06
18291,3,0.0,0.0,0.0,0.0,0.0,0.0,5.784760626411691e-06
18317,4,0.0,0.0,0.0,0.0,0.0,0.0,8.677115841735537e-06
18319,4,0.0,0.0,0.0,0.0,0.0,0.0,8.677115841735537e-06
18376,3,0.0,0.0,0.0,0.0,0.0,0.0,5.784760626411691e-06
18418,3,0.0,0.0,0.0,0.0,0.0,0.0,5.784760626411691e-06
18427,3,0.0,0.0,0.0,0.0,0.0,0.0,5.784760626411691e-06
18438,4,0.0,0.0,0.0,0.0,0.0,0.0,8.677115841735537e-06
18456,3,0.0,0.0,0.0,0.0,0.0,0.0,5.784760626411691e-06
18461,5,0.0,0.0,0.0,0.0,0.0,0.0,1.156945432513805e-05
18465,3,0.0,0.0,0.0,0.0,0.0,0.0,5.784760626411691e-06
18664,4,0.0,0.0,0.0,0.0,0.0,0.0,8.677115841735537e-06
18667,3,0.0,0.0,0.0,0.0,0.0,0.0,5.784760626411691e-06
18697,3,0.0,0.0,0.0,0.0,0.0,0.0,5.784760626411691e-06
18698,3,0.0,0.0,0.0,0.0,0.0,0.0,5.784760626411691e-06
18705,3,0.0,0.0,0.0,0.0,0.0,0.0,5.784760626411691e-06
18738,3,0.0,0.0,0.0,0.0,0.0,0.0,5.784760626411691e-06
18845,3,0.0,0.0,0.0,0.0,0.0,0.0,5.784760626411691e-06
18866,4,0.0,0.0,0.0,0.0,0.0,0.0,8.677115841735537e-06
18871,4,0.0,0.0,0.0,0.0,0.0,0.0,1.156945432513805e-05
18936,3,0.0,0.0,0.0,0.0,0.0,0.0,5.784760626411691e-06
18995,3,0.0,0.0,0.0,0.0,0.0,0.0,5.784760626411691e-06
19037,3,0.0,0.0,0.0,0.0,0.0,0.0,5.784760626411691e-06
19059,3,0.0,0.0,0.0,0.0,0.0,0.0,5.784760626411691e-06
19067,3,0.0,0.0,0.0,0.0,0.0,0.0,5.784760626411691e-06
19074,3,0.0,0.0,0.0,0.0,0.0,0.0,5.784760626411691e-06
19094,3,0.0,0.0,0.0,0.0,0.0,0.0,5.784760626411691e-06
19096,3,0.0,0.0,0.0,0.0,0.0,0.0,5.784760626411691e-06
19104,3,0.0,0.0,0.0,0.0,0.0,0.0,5.784760626411691e-06
19111,3,0.0,0.0,0.0,0.0,0.0,0.0,5.784760626411691e-06
19194,3,0.0,0.0,0.0,0.0,0.0,0.0,5.784760626411691e-06
19246,3,0.0,0.0,0.0,0.0,0.0,0.0,5.784760626411691e-06
19305,3,0.0,0.0,0.0,0.0,0.0,0.0,5.784760626411691e-06
19338,3,0.0,0.0,0.0,0.0,0.0,0.0,5.784760626411691e-06
19365,3,0.0,0.0,0.0,0.0,0.0,0.0,5.784760626411691e-06
